size,drive_T,file_index,trajectory_id,trajectory_seed,split,label,endpoint_order,minimum_order,first_passage_ps,transition_spatial_std,peak_spatial_std,peak_wall_density,diagnostic_time_ps,summary_png
16,0.7,0,0,1151712781098188,train,no_crossing,0.9080265760421753,0.6384264230728149,,0.0,0.07742709666490555,0.0,0.48,L16/drive_0p70T/trajectory_0000.png
16,0.7,1,1,1151712781098189,train,no_crossing,0.7917038202285767,0.45666074752807617,,0.10832467675209045,0.10832467675209045,0.0,0.5499999999999999,L16/drive_0p70T/trajectory_0001.png
16,0.7,2,2,1151712781098190,train,no_crossing,0.8621081709861755,0.51092529296875,,0.0,0.09110701084136963,0.0,0.5099999999999999,L16/drive_0p70T/trajectory_0002.png
16,0.7,3,3,1151712781098191,train,no_crossing,0.8623244166374207,0.3163919448852539,,0.1129157766699791,0.1129157766699791,0.0,0.54,L16/drive_0p70T/trajectory_0003.png
16,0.7,4,4,1151712781098192,test,no_crossing,0.8837018013000488,0.49891412258148193,,0.08568717539310455,0.09351839125156403,0.0,0.5099999999999999,L16/drive_0p70T/trajectory_0004.png
16,0.7,5,5,1151712781098193,validation,no_crossing,0.8773105144500732,0.5136519074440002,,0.0,0.08997147530317307,0.0,0.54,L16/drive_0p70T/trajectory_0005.png
16,0.7,6,6,1151712781098194,validation,no_crossing,0.947171688079834,0.6999881267547607,,0.0,0.08000240474939346,0.0,0.45,L16/drive_0p70T/trajectory_0006.png
16,0.7,7,7,1151712781098195,train,no_crossing,0.9427884221076965,0.23882514238357544,,0.11463697254657745,0.11463697254657745,0.0234375,0.59,L16/drive_0p70T/trajectory_0007.png
16,0.7,8,8,1151712781098196,train,no_crossing,0.8776631355285645,0.5455341339111328,,0.0,0.10722499340772629,0.0,0.5299999999999999,L16/drive_0p70T/trajectory_0008.png
16,0.7,9,9,1151712781098197,train,no_crossing,0.9493845701217651,0.29447099566459656,,0.11599479615688324,0.11599479615688324,0.0078125,0.57,L16/drive_0p70T/trajectory_0009.png
16,0.7,10,10,1151712781098198,train,no_crossing,0.8831944465637207,0.3939957618713379,,0.09832721948623657,0.09832721948623657,0.0,0.5299999999999999,L16/drive_0p70T/trajectory_0010.png
16,0.7,11,11,1151712781098199,train,no_crossing,0.787416934967041,0.48197290301322937,,0.09313927590847015,0.10209275782108307,0.0,0.52,L16/drive_0p70T/trajectory_0011.png
16,0.7,12,12,1151712781098200,train,no_crossing,0.9117112755775452,0.5957826972007751,,0.0,0.11181951314210892,0.0,0.47000000000000003,L16/drive_0p70T/trajectory_0012.png
16,0.7,13,13,1151712781098201,train,no_crossing,0.9524765014648438,0.16309033334255219,,0.1277414709329605,0.1277414709329605,0.1328125,0.6299999999999999,L16/drive_0p70T/trajectory_0013.png
16,0.7,14,14,1151712781098202,train,coherent_like,-0.6495301723480225,-0.6495301723480225,0.7499999999999999,0.13270701467990875,0.13270701467990875,0.33203125,0.8,L16/drive_0p70T/trajectory_0014.png
16,0.7,15,15,1151712781098203,train,no_crossing,0.8057064414024353,0.3885961174964905,,0.1187259703874588,0.1187259703874588,0.0078125,0.57,L16/drive_0p70T/trajectory_0015.png
16,0.7,16,16,1151712781098204,train,no_crossing,0.8795803189277649,0.4875425696372986,,0.09764701128005981,0.10523741692304611,0.0,0.52,L16/drive_0p70T/trajectory_0016.png
16,0.7,17,17,1151712781098205,train,coherent_like,-0.871776282787323,-0.9725858569145203,0.54,0.1102733388543129,0.1102733388543129,0.33203125,0.5099999999999999,L16/drive_0p70T/trajectory_0017.png
16,0.7,18,18,1151712781098206,test,no_crossing,0.8133288621902466,0.6000086665153503,,0.0,0.09719058126211166,0.0,0.45999999999999996,L16/drive_0p70T/trajectory_0018.png
16,0.7,19,19,1151712781098207,train,no_crossing,0.8726804256439209,0.5626130104064941,,0.0,0.10268178582191467,0.0,0.54,L16/drive_0p70T/trajectory_0019.png
16,0.7,20,20,1151712781098208,train,no_crossing,0.9420335292816162,0.7533897757530212,,0.0,0.073513925075531,0.0,0.52,L16/drive_0p70T/trajectory_0020.png
16,0.7,21,21,1151712781098209,train,no_crossing,0.8566008806228638,0.5562326908111572,,0.0,0.09018063545227051,0.0,0.54,L16/drive_0p70T/trajectory_0021.png
16,0.7,22,22,1151712781098210,train,no_crossing,0.9815933108329773,0.20823976397514343,,0.11286915093660355,0.11286915093660355,0.04296875,0.64,L16/drive_0p70T/trajectory_0022.png
16,0.7,23,23,1151712781098211,train,no_crossing,0.9413388967514038,0.46014541387557983,,0.10102571547031403,0.10102571547031403,0.0,0.54,L16/drive_0p70T/trajectory_0023.png
16,0.7,24,24,1151712781098212,train,no_crossing,0.9270753860473633,0.5766847133636475,,0.0,0.10331374406814575,0.0,0.5099999999999999,L16/drive_0p70T/trajectory_0024.png
16,0.7,25,25,1151712781098213,test,coherent_like,-0.8356661796569824,-0.9838331341743469,0.5,0.11494405567646027,0.11494405567646027,0.3671875,0.56,L16/drive_0p70T/trajectory_0025.png
16,0.7,26,26,1151712781098214,train,coherent_like,-0.8933371305465698,-0.9725908637046814,0.56,0.13302230834960938,0.13302230834960938,0.3203125,0.61,L16/drive_0p70T/trajectory_0026.png
16,0.7,27,27,1151712781098215,train,no_crossing,0.9086920022964478,0.5480209589004517,,0.0,0.10582579672336578,0.0,0.5099999999999999,L16/drive_0p70T/trajectory_0027.png
16,0.7,28,28,1151712781098216,validation,no_crossing,0.7483711242675781,0.1709769070148468,,0.11772341281175613,0.11772341281175613,0.09375,0.64,L16/drive_0p70T/trajectory_0028.png
16,0.7,29,29,1151712781098217,train,no_crossing,0.8910790681838989,0.5812098979949951,,0.0,0.10233502089977264,0.0,0.5099999999999999,L16/drive_0p70T/trajectory_0029.png
16,0.78,30,30,1151712782098188,test,no_crossing,0.9634748697280884,0.2984844744205475,,0.11780906468629837,0.11780906468629837,0.015625,0.57,L16/drive_0p78T/trajectory_0030.png
16,0.78,31,31,1151712782098189,train,coherent_like,-0.9613714814186096,-0.9771413803100586,0.43,0.10409820079803467,0.10409820079803467,0.29296875,0.45,L16/drive_0p78T/trajectory_0031.png
16,0.78,32,32,1151712782098190,train,coherent_like,-0.8816393613815308,-0.9792875647544861,0.48,0.11832721531391144,0.11832721531391144,0.33984375,0.44,L16/drive_0p78T/trajectory_0032.png
16,0.78,33,33,1151712782098191,train,coherent_like,-0.9457029104232788,-0.9811657071113586,0.58,0.10036402195692062,0.10036402195692062,0.41015625,0.48,L16/drive_0p78T/trajectory_0033.png
16,0.78,34,34,1151712782098192,train,coherent_like,-0.9832707047462463,-0.985948920249939,0.59,0.10800063610076904,0.10800063610076904,0.375,0.64,L16/drive_0p78T/trajectory_0034.png
16,0.78,35,35,1151712782098193,train,coherent_like,-0.7959699630737305,-0.9805582761764526,0.5299999999999999,0.11658608913421631,0.11658608913421631,0.3046875,0.52,L16/drive_0p78T/trajectory_0035.png
16,0.78,36,36,1151712782098194,train,coherent_like,-0.8301723003387451,-0.9771491289138794,0.57,0.1150360181927681,0.1150360181927681,0.34375,0.62,L16/drive_0p78T/trajectory_0036.png
16,0.78,37,37,1151712782098195,validation,no_crossing,0.86287522315979,0.4770086407661438,,0.0808045044541359,0.08145737648010254,0.0,0.5299999999999999,L16/drive_0p78T/trajectory_0037.png
16,0.78,38,38,1151712782098196,train,coherent_like,-0.6737056970596313,-0.975577712059021,0.54,0.13285945355892181,0.13285945355892181,0.30078125,0.52,L16/drive_0p78T/trajectory_0038.png
16,0.78,39,39,1151712782098197,test,coherent_like,-0.8152267932891846,-0.9522031545639038,0.54,0.12349366396665573,0.12349366396665573,0.33203125,0.54,L16/drive_0p78T/trajectory_0039.png
16,0.78,40,40,1151712782098198,train,no_crossing,0.8650649785995483,0.36440569162368774,,0.10998478531837463,0.10998478531837463,0.0,0.57,L16/drive_0p78T/trajectory_0040.png
16,0.78,41,41,1151712782098199,train,no_crossing,0.9591028690338135,0.10639838129281998,,0.12580089271068573,0.12580089271068573,0.2421875,0.64,L16/drive_0p78T/trajectory_0041.png
16,0.78,42,42,1151712782098200,train,no_crossing,0.9172624349594116,0.19727402925491333,,0.1190209612250328,0.1190209612250328,0.0703125,0.68,L16/drive_0p78T/trajectory_0042.png
16,0.78,43,43,1151712782098201,train,coherent_like,-0.8481234908103943,-0.9832193851470947,0.5499999999999999,0.12876765429973602,0.12876765429973602,0.38671875,0.59,L16/drive_0p78T/trajectory_0043.png
16,0.78,44,44,1151712782098202,train,coherent_like,-0.8206542730331421,-0.8206542730331421,0.61,0.13035982847213745,0.13035982847213745,0.32421875,0.78,L16/drive_0p78T/trajectory_0044.png
16,0.78,45,45,1151712782098203,train,coherent_like,-0.9713624715805054,-0.9713624715805054,0.59,0.11540529876947403,0.11540529876947403,0.35546875,0.72,L16/drive_0p78T/trajectory_0045.png
16,0.78,46,46,1151712782098204,train,coherent_like,-0.9814664721488953,-0.9814664721488953,0.6,0.1149015799164772,0.1149015799164772,0.34765625,0.5499999999999999,L16/drive_0p78T/trajectory_0046.png
16,0.78,47,47,1151712782098205,train,no_crossing,0.8900613784790039,0.5176441669464111,,0.0,0.08583755791187286,0.0,0.56,L16/drive_0p78T/trajectory_0047.png
16,0.78,48,48,1151712782098206,test,no_crossing,0.9124117493629456,0.561499834060669,,0.0,0.08953457325696945,0.0,0.54,L16/drive_0p78T/trajectory_0048.png
16,0.78,49,49,1151712782098207,train,no_crossing,0.8699387311935425,0.5183248519897461,,0.0,0.10109569132328033,0.0,0.52,L16/drive_0p78T/trajectory_0049.png
16,0.78,50,50,1151712782098208,train,no_crossing,0.8979113101959229,0.3671967387199402,,0.10563546419143677,0.10563546419143677,0.0,0.54,L16/drive_0p78T/trajectory_0050.png
16,0.78,51,51,1151712782098209,train,no_crossing,0.8996436595916748,0.6574053764343262,,0.0,0.102269746363163,0.0,0.5299999999999999,L16/drive_0p78T/trajectory_0051.png
16,0.78,52,52,1151712782098210,train,coherent_like,-0.9803683757781982,-0.9843138456344604,0.6,0.11772697418928146,0.11772697418928146,0.37109375,0.61,L16/drive_0p78T/trajectory_0052.png
16,0.78,53,53,1151712782098211,validation,no_crossing,0.8438887596130371,0.17418374121189117,,0.11752336472272873,0.11752336472272873,0.10546875,0.6699999999999999,L16/drive_0p78T/trajectory_0053.png
16,0.78,54,54,1151712782098212,train,no_crossing,0.9090479016304016,0.5087992548942566,,0.0,0.08404891192913055,0.0,0.5099999999999999,L16/drive_0p78T/trajectory_0054.png
16,0.78,55,55,1151712782098213,train,coherent_like,-0.7696542739868164,-0.9854205846786499,0.5299999999999999,0.11516936123371124,0.11516936123371124,0.3359375,0.5099999999999999,L16/drive_0p78T/trajectory_0055.png
16,0.78,56,56,1151712782098214,train,no_crossing,0.18193867802619934,0.045958034694194794,,0.1427197903394699,0.1427197903394699,0.32421875,0.7699999999999999,L16/drive_0p78T/trajectory_0056.png
16,0.78,57,57,1151712782098215,validation,no_crossing,0.8195680379867554,0.4486340284347534,,0.09577376395463943,0.09577376395463943,0.0,0.54,L16/drive_0p78T/trajectory_0057.png
16,0.78,58,58,1151712782098216,train,coherent_like,-0.8503854274749756,-0.9829436540603638,0.47000000000000003,0.11351003497838974,0.11351003497838974,0.359375,0.48,L16/drive_0p78T/trajectory_0058.png
16,0.78,59,59,1151712782098217,train,no_crossing,0.9059739112854004,0.6205168962478638,,0.0,0.08074473589658737,0.0,0.52,L16/drive_0p78T/trajectory_0059.png
16,0.8,60,60,1151712783098188,train,no_crossing,0.7719707489013672,0.3532542884349823,,0.11652925610542297,0.11652925610542297,0.0078125,0.54,L16/drive_0p80T/trajectory_0060.png
16,0.8,61,61,1151712783098189,train,coherent_like,-0.801150918006897,-0.9743568897247314,0.45999999999999996,0.10998456925153732,0.10998456925153732,0.29296875,0.45,L16/drive_0p80T/trajectory_0061.png
16,0.8,62,62,1151712783098190,train,no_crossing,0.8802106380462646,0.4173762798309326,,0.10817331075668335,0.10817331075668335,0.0,0.5499999999999999,L16/drive_0p80T/trajectory_0062.png
16,0.8,63,63,1151712783098191,train,coherent_like,-0.9586368799209595,-0.98041170835495,0.58,0.11729011684656143,0.11729011684656143,0.33203125,0.5,L16/drive_0p80T/trajectory_0063.png
16,0.8,64,64,1151712783098192,train,coherent_like,-0.9208352565765381,-0.9842296838760376,0.48,0.11217358708381653,0.11217358708381653,0.328125,0.45,L16/drive_0p80T/trajectory_0064.png
16,0.8,65,65,1151712783098193,train,coherent_like,-0.7994513511657715,-0.9772003889083862,0.5299999999999999,0.11238707602024078,0.11238707602024078,0.328125,0.58,L16/drive_0p80T/trajectory_0065.png
16,0.8,66,66,1151712783098194,train,no_crossing,0.7940404415130615,0.4307467043399811,,0.10963708162307739,0.10963708162307739,0.0,0.56,L16/drive_0p80T/trajectory_0066.png
16,0.8,67,67,1151712783098195,validation,coherent_like,-0.9408247470855713,-0.9800982475280762,0.58,0.11996503174304962,0.11996503174304962,0.3125,0.5,L16/drive_0p80T/trajectory_0067.png
16,0.8,68,68,1151712783098196,train,no_crossing,0.6288831233978271,0.102793850004673,,0.10849330574274063,0.10849330574274063,0.2109375,0.68,L16/drive_0p80T/trajectory_0068.png
16,0.8,69,69,1151712783098197,validation,no_crossing,0.8629037141799927,0.6362860202789307,,0.0,0.07744669169187546,0.0,0.52,L16/drive_0p80T/trajectory_0069.png
16,0.8,70,70,1151712783098198,validation,no_crossing,0.8828883767127991,0.2952704131603241,,0.10034599155187607,0.10034599155187607,0.0078125,0.57,L16/drive_0p80T/trajectory_0070.png
16,0.8,71,71,1151712783098199,train,coherent_like,-0.6653674840927124,-0.9829210638999939,0.5099999999999999,0.10815325379371643,0.10815325379371643,0.36328125,0.54,L16/drive_0p80T/trajectory_0071.png
16,0.8,72,72,1151712783098200,train,coherent_like,-0.894991397857666,-0.9834778308868408,0.45,0.1227533370256424,0.1227533370256424,0.2890625,0.45999999999999996,L16/drive_0p80T/trajectory_0072.png
16,0.8,73,73,1151712783098201,train,coherent_like,-0.839400053024292,-0.983191967010498,0.48,0.11569071561098099,0.11569071561098099,0.3125,0.5,L16/drive_0p80T/trajectory_0073.png
16,0.8,74,74,1151712783098202,train,coherent_like,-0.8490311503410339,-0.9773074388504028,0.5499999999999999,0.11183043569326401,0.11183043569326401,0.35546875,0.61,L16/drive_0p80T/trajectory_0074.png
16,0.8,75,75,1151712783098203,train,coherent_like,-0.8157549500465393,-0.9784819483757019,0.57,0.1213473305106163,0.1213473305106163,0.36328125,0.6499999999999999,L16/drive_0p80T/trajectory_0075.png
16,0.8,76,76,1151712783098204,train,coherent_like,-0.5916366577148438,-0.5916366577148438,0.7,0.10926376283168793,0.10926376283168793,0.36328125,0.8,L16/drive_0p80T/trajectory_0076.png
16,0.8,77,77,1151712783098205,train,no_crossing,0.8336213827133179,0.44946491718292236,,0.09421784430742264,0.10571770370006561,0.0,0.54,L16/drive_0p80T/trajectory_0077.png
16,0.8,78,78,1151712783098206,train,coherent_like,-0.733343243598938,-0.9816530346870422,0.5,0.10875906050205231,0.10875906050205231,0.38671875,0.54,L16/drive_0p80T/trajectory_0078.png
16,0.8,79,79,1151712783098207,train,no_crossing,0.599582314491272,0.08200949430465698,,0.12329210340976715,0.12329210340976715,0.26953125,0.7,L16/drive_0p80T/trajectory_0079.png
16,0.8,80,80,1151712783098208,test,coherent_like,-0.7803168296813965,-0.9855329990386963,0.47000000000000003,0.11062510311603546,0.11062510311603546,0.35546875,0.5099999999999999,L16/drive_0p80T/trajectory_0080.png
16,0.8,81,81,1151712783098209,test,no_crossing,0.7727047204971313,0.43429034948349,,0.10323166847229004,0.10323166847229004,0.0,0.5299999999999999,L16/drive_0p80T/trajectory_0081.png
16,0.8,82,82,1151712783098210,train,coherent_like,-0.938123345375061,-0.9820889234542847,0.39,0.1112627238035202,0.1112627238035202,0.2890625,0.34,L16/drive_0p80T/trajectory_0082.png
16,0.8,83,83,1151712783098211,train,coherent_like,-0.9507304430007935,-0.9831364154815674,0.58,0.1390697956085205,0.1390697956085205,0.3125,0.61,L16/drive_0p80T/trajectory_0083.png
16,0.8,84,84,1151712783098212,train,coherent_like,-0.9535682797431946,-0.9735535383224487,0.6,0.11906483769416809,0.11906483769416809,0.35546875,0.5499999999999999,L16/drive_0p80T/trajectory_0084.png
16,0.8,85,85,1151712783098213,test,coherent_like,-0.8036002516746521,-0.9791841506958008,0.5099999999999999,0.10506966710090637,0.10506966710090637,0.3671875,0.57,L16/drive_0p80T/trajectory_0085.png
16,0.8,86,86,1151712783098214,train,coherent_like,-0.768229603767395,-0.9839984774589539,0.52,0.11243730038404465,0.11243730038404465,0.34375,0.56,L16/drive_0p80T/trajectory_0086.png
16,0.8,87,87,1151712783098215,train,coherent_like,-0.8459568023681641,-0.9821776747703552,0.5,0.11012064665555954,0.11012064665555954,0.3671875,0.5499999999999999,L16/drive_0p80T/trajectory_0087.png
16,0.8,88,88,1151712783098216,train,coherent_like,-0.7559984922409058,-0.9831453561782837,0.48,0.12055714428424835,0.12055714428424835,0.3359375,0.49000000000000005,L16/drive_0p80T/trajectory_0088.png
16,0.8,89,89,1151712783098217,train,coherent_like,-0.8127619028091431,-0.9806957244873047,0.5299999999999999,0.11398778855800629,0.11398778855800629,0.30859375,0.56,L16/drive_0p80T/trajectory_0089.png
32,0.7,0,0,69320274597952947,test,no_crossing,0.8737304210662842,0.45705556869506836,,0.09586834907531738,0.09722211956977844,0.0,0.5299999999999999,L32/drive_0p70T/trajectory_0000.png
32,0.7,1,1,69320274597952948,train,coherent_like,-0.4499107301235199,-0.4499107301235199,0.68,0.12320888787508011,0.12320888787508011,0.31640625,0.49000000000000005,L32/drive_0p70T/trajectory_0001.png
32,0.7,2,2,69320274597952949,train,no_crossing,0.8586838841438293,0.5332843065261841,,0.0,0.11887681484222412,0.0,0.5299999999999999,L32/drive_0p70T/trajectory_0002.png
32,0.7,3,3,69320274597952950,train,no_crossing,0.8476316928863525,0.3691389560699463,,0.10633880645036697,0.10633880645036697,0.001953125,0.57,L32/drive_0p70T/trajectory_0003.png
32,0.7,4,4,69320274597952951,train,no_crossing,0.8799721002578735,0.6495909094810486,,0.0,0.09799336642026901,0.0,0.5099999999999999,L32/drive_0p70T/trajectory_0004.png
32,0.7,5,5,69320274597952952,train,no_crossing,0.8697673082351685,0.3177449405193329,,0.11472071707248688,0.11472071707248688,0.00390625,0.56,L32/drive_0p70T/trajectory_0005.png
32,0.7,6,6,69320274597952953,train,no_crossing,0.8667653799057007,0.5024054050445557,,0.0,0.10413986444473267,0.0,0.54,L32/drive_0p70T/trajectory_0006.png
32,0.7,7,7,69320274597952954,train,no_crossing,0.8546721935272217,0.5256693363189697,,0.0,0.11014136672019958,0.0,0.5099999999999999,L32/drive_0p70T/trajectory_0007.png
32,0.7,8,8,69320274597952955,train,no_crossing,0.8425112962722778,0.5267704129219055,,0.0,0.11065327376127243,0.0,0.5299999999999999,L32/drive_0p70T/trajectory_0008.png
32,0.7,9,9,69320274597952956,train,no_crossing,0.5987663865089417,0.12115993350744247,,0.13957077264785767,0.13957077264785767,0.171875,0.6699999999999999,L32/drive_0p70T/trajectory_0009.png
32,0.7,10,10,69320274597952957,validation,no_crossing,0.9070989489555359,0.6298906803131104,,0.0,0.08999490737915039,0.0,0.5099999999999999,L32/drive_0p70T/trajectory_0010.png
32,0.7,11,11,69320274597952958,train,no_crossing,0.8510852456092834,0.4749467074871063,,0.1147526204586029,0.1147526204586029,0.0,0.52,L32/drive_0p70T/trajectory_0011.png
32,0.7,12,12,69320274597952959,train,no_crossing,0.8423057198524475,0.659092903137207,,0.0,0.08037017285823822,0.0,0.5299999999999999,L32/drive_0p70T/trajectory_0012.png
32,0.7,13,13,69320274597952960,test,no_crossing,0.8267709016799927,0.484316349029541,,0.10637438297271729,0.10637438297271729,0.0,0.5299999999999999,L32/drive_0p70T/trajectory_0013.png
32,0.7,14,14,69320274597952961,test,no_crossing,0.8142117857933044,0.5804251432418823,,0.0,0.09295816719532013,0.0,0.5099999999999999,L32/drive_0p70T/trajectory_0014.png
32,0.7,15,15,69320274597952962,train,no_crossing,0.8357779383659363,0.5383963584899902,,0.0,0.1063741147518158,0.0,0.52,L32/drive_0p70T/trajectory_0015.png
32,0.7,16,16,69320274597952963,train,no_crossing,0.8839054703712463,0.4716963469982147,,0.1006491631269455,0.10260724276304245,0.0,0.54,L32/drive_0p70T/trajectory_0016.png
32,0.7,17,17,69320274597952964,train,no_crossing,0.8469738960266113,0.4635869264602661,,0.10371804237365723,0.10371804237365723,0.0,0.5499999999999999,L32/drive_0p70T/trajectory_0017.png
32,0.7,18,18,69320274597952965,train,no_crossing,0.8789864778518677,0.42368847131729126,,0.12490110099315643,0.12490110099315643,0.0,0.54,L32/drive_0p70T/trajectory_0018.png
32,0.7,19,19,69320274597952966,train,no_crossing,0.9023272395133972,0.3548163175582886,,0.11007381975650787,0.11007381975650787,0.0029296875,0.56,L32/drive_0p70T/trajectory_0019.png
32,0.7,20,20,69320274597952967,train,no_crossing,0.904301106929779,0.6231759786605835,,0.0,0.11203104257583618,0.0,0.5099999999999999,L32/drive_0p70T/trajectory_0020.png
32,0.7,21,21,69320274597952968,train,no_crossing,0.8700087070465088,0.5676636099815369,,0.0,0.10052554309368134,0.0,0.5099999999999999,L32/drive_0p70T/trajectory_0021.png
32,0.7,22,22,69320274597952969,train,no_crossing,0.8286412954330444,0.46061939001083374,,0.11045645922422409,0.11045645922422409,0.0,0.54,L32/drive_0p70T/trajectory_0022.png
32,0.7,23,23,69320274597952970,train,no_crossing,0.8850283622741699,0.6312133073806763,,0.0,0.08868132531642914,0.0,0.52,L32/drive_0p70T/trajectory_0023.png
32,0.7,24,24,69320274597952971,validation,no_crossing,0.8909335136413574,0.6239322423934937,,0.0,0.08657635003328323,0.0,0.5,L32/drive_0p70T/trajectory_0024.png
32,0.7,25,25,69320274597952972,train,no_crossing,0.8411846160888672,0.47039544582366943,,0.1043948084115982,0.1043948084115982,0.0,0.5299999999999999,L32/drive_0p70T/trajectory_0025.png
32,0.7,26,26,69320274597952973,validation,no_crossing,0.855850338935852,0.5231666564941406,,0.0,0.10202052444219589,0.0,0.5299999999999999,L32/drive_0p70T/trajectory_0026.png
32,0.7,27,27,69320274597952974,train,no_crossing,0.8291061520576477,0.3962400257587433,,0.10244543105363846,0.10244543105363846,0.001953125,0.54,L32/drive_0p70T/trajectory_0027.png
32,0.7,28,28,69320274597952975,train,no_crossing,0.8666824698448181,0.5404161214828491,,0.0,0.09372340887784958,0.0,0.52,L32/drive_0p70T/trajectory_0028.png
32,0.7,29,29,69320274597952976,train,no_crossing,0.850229799747467,0.5681688785552979,,0.0,0.10518315434455872,0.0,0.5299999999999999,L32/drive_0p70T/trajectory_0029.png
32,0.78,30,30,69320274598952947,train,coherent_like,-0.9739305973052979,-0.981499433517456,0.61,0.1260939985513687,0.1260939985513687,0.3095703125,0.5,L32/drive_0p78T/trajectory_0030.png
32,0.78,31,31,69320274598952948,train,no_crossing,0.9339860081672668,0.2555733919143677,,0.13776414096355438,0.13776414096355438,0.0546875,0.58,L32/drive_0p78T/trajectory_0031.png
32,0.78,32,32,69320274598952949,test,coherent_like,-0.8792564868927002,-0.9766725301742554,0.56,0.12639424204826355,0.12639424204826355,0.30078125,0.5,L32/drive_0p78T/trajectory_0032.png
32,0.78,33,33,69320274598952950,test,coherent_like,-0.810427188873291,-0.9823706150054932,0.54,0.12861217558383942,0.12861217558383942,0.287109375,0.47000000000000003,L32/drive_0p78T/trajectory_0033.png
32,0.78,34,34,69320274598952951,train,coherent_like,-0.9635744690895081,-0.9793367385864258,0.58,0.14279228448867798,0.14279228448867798,0.287109375,0.64,L32/drive_0p78T/trajectory_0034.png
32,0.78,35,35,69320274598952952,train,no_crossing,0.774347722530365,0.13928739726543427,,0.14101487398147583,0.14101487398147583,0.138671875,0.64,L32/drive_0p78T/trajectory_0035.png
32,0.78,36,36,69320274598952953,validation,no_crossing,0.8504438996315002,0.3555922210216522,,0.11522852629423141,0.11522852629423141,0.001953125,0.57,L32/drive_0p78T/trajectory_0036.png
32,0.78,37,37,69320274598952954,train,no_crossing,0.8276772499084473,0.5036284327507019,,0.0,0.10504547506570816,0.0,0.5299999999999999,L32/drive_0p78T/trajectory_0037.png
32,0.78,38,38,69320274598952955,train,no_crossing,0.9569501876831055,0.25556880235671997,,0.12205616384744644,0.12205616384744644,0.0302734375,0.59,L32/drive_0p78T/trajectory_0038.png
32,0.78,39,39,69320274598952956,train,no_crossing,0.854912519454956,0.14139598608016968,,0.129103422164917,0.129103422164917,0.146484375,0.6499999999999999,L32/drive_0p78T/trajectory_0039.png
32,0.78,40,40,69320274598952957,train,coherent_like,-0.7381175756454468,-0.981662392616272,0.52,0.13260705769062042,0.13260705769062042,0.30859375,0.43,L32/drive_0p78T/trajectory_0040.png
32,0.78,41,41,69320274598952958,train,no_crossing,0.8750003576278687,0.33139359951019287,,0.11933988332748413,0.11933988332748413,0.0068359375,0.57,L32/drive_0p78T/trajectory_0041.png
32,0.78,42,42,69320274598952959,train,coherent_like,-0.9405736327171326,-0.9805277585983276,0.59,0.13868102431297302,0.13868102431297302,0.283203125,0.5499999999999999,L32/drive_0p78T/trajectory_0042.png
32,0.78,43,43,69320274598952960,train,coherent_like,-0.9728801250457764,-0.9728801250457764,0.6,0.13786768913269043,0.13786768913269043,0.3056640625,0.69,L32/drive_0p78T/trajectory_0043.png
32,0.78,44,44,69320274598952961,validation,coherent_like,-0.8152629137039185,-0.9804773926734924,0.5299999999999999,0.12148554623126984,0.12148554623126984,0.2900390625,0.6299999999999999,L32/drive_0p78T/trajectory_0044.png
32,0.78,45,45,69320274598952962,validation,no_crossing,0.9322714805603027,0.14341115951538086,,0.14567525684833527,0.14567525684833527,0.14453125,0.61,L32/drive_0p78T/trajectory_0045.png
32,0.78,46,46,69320274598952963,train,no_crossing,0.416387677192688,0.07349323481321335,,0.11780203133821487,0.11780203133821487,0.2509765625,0.7,L32/drive_0p78T/trajectory_0046.png
32,0.78,47,47,69320274598952964,train,coherent_like,-0.9532701969146729,-0.9768480062484741,0.58,0.1357051134109497,0.1357051134109497,0.3310546875,0.6499999999999999,L32/drive_0p78T/trajectory_0047.png
32,0.78,48,48,69320274598952965,train,no_crossing,0.9771363735198975,0.24833038449287415,,0.1103677973151207,0.1103677973151207,0.0185546875,0.61,L32/drive_0p78T/trajectory_0048.png
32,0.78,49,49,69320274598952966,test,coherent_like,-0.9006891250610352,-0.9006891250610352,0.61,0.12011107802391052,0.12011107802391052,0.306640625,0.58,L32/drive_0p78T/trajectory_0049.png
32,0.78,50,50,69320274598952967,train,no_crossing,0.8792992234230042,0.4529265761375427,,0.0961637794971466,0.0961637794971466,0.0,0.5499999999999999,L32/drive_0p78T/trajectory_0050.png
32,0.78,51,51,69320274598952968,train,no_crossing,0.06184101849794388,0.004208995960652828,,0.12758274376392365,0.12758274376392365,0.30078125,0.7699999999999999,L32/drive_0p78T/trajectory_0051.png
32,0.78,52,52,69320274598952969,train,no_crossing,0.9590478539466858,0.1877930611371994,,0.12776508927345276,0.12776508927345276,0.0712890625,0.61,L32/drive_0p78T/trajectory_0052.png
32,0.78,53,53,69320274598952970,train,coherent_like,-0.9671798944473267,-0.9823763370513916,0.58,0.12750454246997833,0.12750454246997833,0.2958984375,0.7,L32/drive_0p78T/trajectory_0053.png
32,0.78,54,54,69320274598952971,train,no_crossing,0.9774326682090759,0.21183067560195923,,0.12722566723823547,0.12722566723823547,0.05859375,0.62,L32/drive_0p78T/trajectory_0054.png
32,0.78,55,55,69320274598952972,train,no_crossing,0.927260160446167,0.3046543598175049,,0.12265955656766891,0.12265955656766891,0.0107421875,0.58,L32/drive_0p78T/trajectory_0055.png
32,0.78,56,56,69320274598952973,train,no_crossing,0.8804601430892944,0.36997103691101074,,0.11612943559885025,0.11612943559885025,0.001953125,0.56,L32/drive_0p78T/trajectory_0056.png
32,0.78,57,57,69320274598952974,train,coherent_like,-0.8568989634513855,-0.9799424409866333,0.58,0.13012416660785675,0.13012416660785675,0.2890625,0.69,L32/drive_0p78T/trajectory_0057.png
32,0.78,58,58,69320274598952975,train,coherent_like,-0.7910220623016357,-0.7910220623016357,0.64,0.139054536819458,0.139054536819458,0.2939453125,0.78,L32/drive_0p78T/trajectory_0058.png
32,0.78,59,59,69320274598952976,train,no_crossing,0.962860643863678,0.2583271265029907,,0.12236512452363968,0.12236512452363968,0.0244140625,0.59,L32/drive_0p78T/trajectory_0059.png
32,0.8,60,60,69320274599952947,train,no_crossing,0.9701275825500488,0.1923726201057434,,0.13116852939128876,0.13116852939128876,0.099609375,0.61,L32/drive_0p80T/trajectory_0060.png
32,0.8,61,61,69320274599952948,validation,coherent_like,-0.7731395363807678,-0.9817171096801758,0.52,0.11338788270950317,0.11338788270950317,0.3232421875,0.61,L32/drive_0p80T/trajectory_0061.png
32,0.8,62,62,69320274599952949,train,no_crossing,0.8488912582397461,0.127959743142128,,0.12995313107967377,0.12995313107967377,0.154296875,0.6299999999999999,L32/drive_0p80T/trajectory_0062.png
32,0.8,63,63,69320274599952950,train,coherent_like,-0.8125142455101013,-0.9793913960456848,0.5499999999999999,0.11742245405912399,0.11742245405912399,0.2978515625,0.52,L32/drive_0p80T/trajectory_0063.png
32,0.8,64,64,69320274599952951,train,coherent_like,-0.8416268825531006,-0.9837708473205566,0.56,0.12032279372215271,0.12032279372215271,0.296875,0.6499999999999999,L32/drive_0p80T/trajectory_0064.png
32,0.8,65,65,69320274599952952,train,no_crossing,0.8971654772758484,0.15312910079956055,,0.1415836066007614,0.1415836066007614,0.1572265625,0.66,L32/drive_0p80T/trajectory_0065.png
32,0.8,66,66,69320274599952953,train,no_crossing,0.8889840841293335,0.15856248140335083,,0.12214463949203491,0.12214463949203491,0.1142578125,0.6499999999999999,L32/drive_0p80T/trajectory_0066.png
32,0.8,67,67,69320274599952954,train,no_crossing,0.14507260918617249,0.023869283497333527,,0.14606977999210358,0.14606977999210358,0.2685546875,0.7899999999999999,L32/drive_0p80T/trajectory_0067.png
32,0.8,68,68,69320274599952955,train,coherent_like,-0.2863669991493225,-0.2863669991493225,0.73,0.14851044118404388,0.14851044118404388,0.2822265625,0.9,L32/drive_0p80T/trajectory_0068.png
32,0.8,69,69,69320274599952956,train,coherent_like,-0.8148144483566284,-0.9823281764984131,0.5099999999999999,0.1328766793012619,0.1328766793012619,0.2783203125,0.58,L32/drive_0p80T/trajectory_0069.png
32,0.8,70,70,69320274599952957,validation,coherent_like,-0.9817111492156982,-0.9817111492156982,0.61,0.1358037292957306,0.1358037292957306,0.279296875,0.69,L32/drive_0p80T/trajectory_0070.png
32,0.8,71,71,69320274599952958,train,coherent_like,-0.8243133425712585,-0.9809044599533081,0.54,0.1424223929643631,0.1424223929643631,0.240234375,0.64,L32/drive_0p80T/trajectory_0071.png
32,0.8,72,72,69320274599952959,train,no_crossing,0.4680477976799011,0.11617819964885712,,0.1499660313129425,0.1499660313129425,0.1552734375,0.68,L32/drive_0p80T/trajectory_0072.png
32,0.8,73,73,69320274599952960,train,no_crossing,0.8424731492996216,0.418021023273468,,0.11703517287969589,0.11703517287969589,0.001953125,0.5499999999999999,L32/drive_0p80T/trajectory_0073.png
32,0.8,74,74,69320274599952961,train,coherent_like,-0.8432503938674927,-0.8432503938674927,0.6299999999999999,0.12889067828655243,0.12889067828655243,0.2900390625,0.64,L32/drive_0p80T/trajectory_0074.png
32,0.8,75,75,69320274599952962,train,coherent_like,-0.9630880951881409,-0.9630880951881409,0.61,0.12386982142925262,0.12386982142925262,0.2802734375,0.64,L32/drive_0p80T/trajectory_0075.png
32,0.8,76,76,69320274599952963,train,coherent_like,-0.752375602722168,-0.9824805855751038,0.52,0.1113571748137474,0.1113571748137474,0.3154296875,0.6,L32/drive_0p80T/trajectory_0076.png
32,0.8,77,77,69320274599952964,train,no_crossing,0.9741295576095581,0.22141395509243011,,0.13833825290203094,0.13833825290203094,0.0615234375,0.6,L32/drive_0p80T/trajectory_0077.png
32,0.8,78,78,69320274599952965,train,coherent_like,-0.8003025054931641,-0.9831613302230835,0.5499999999999999,0.13021616637706757,0.13021616637706757,0.283203125,0.59,L32/drive_0p80T/trajectory_0078.png
32,0.8,79,79,69320274599952966,validation,coherent_like,-0.48458603024482727,-0.48458603024482727,0.69,0.13840603828430176,0.13840603828430176,0.3037109375,0.74,L32/drive_0p80T/trajectory_0079.png
32,0.8,80,80,69320274599952967,test,coherent_like,-0.7854482531547546,-0.9820089936256409,0.52,0.12436622381210327,0.12436622381210327,0.2705078125,0.52,L32/drive_0p80T/trajectory_0080.png
32,0.8,81,81,69320274599952968,test,coherent_like,-0.7886312007904053,-0.9834585785865784,0.54,0.12309549748897552,0.12309549748897552,0.2919921875,0.5299999999999999,L32/drive_0p80T/trajectory_0081.png
32,0.8,82,82,69320274599952969,test,coherent_like,-0.789635419845581,-0.9819199442863464,0.5099999999999999,0.12214141339063644,0.12214141339063644,0.2978515625,0.44,L32/drive_0p80T/trajectory_0082.png
32,0.8,83,83,69320274599952970,train,coherent_like,-0.8001415729522705,-0.9750121831893921,0.48,0.13266639411449432,0.13266639411449432,0.263671875,0.5299999999999999,L32/drive_0p80T/trajectory_0083.png
32,0.8,84,84,69320274599952971,train,no_crossing,0.8590617179870605,0.29317229986190796,,0.11728688329458237,0.11728688329458237,0.0166015625,0.58,L32/drive_0p80T/trajectory_0084.png
32,0.8,85,85,69320274599952972,train,coherent_like,-0.8496178984642029,-0.9806234836578369,0.5299999999999999,0.12956121563911438,0.12956121563911438,0.2685546875,0.45999999999999996,L32/drive_0p80T/trajectory_0085.png
32,0.8,86,86,69320274599952973,train,coherent_like,-0.7947049140930176,-0.9827703237533569,0.54,0.12908586859703064,0.12908586859703064,0.259765625,0.5299999999999999,L32/drive_0p80T/trajectory_0086.png
32,0.8,87,87,69320274599952974,train,coherent_like,-0.7975892424583435,-0.9803287982940674,0.54,0.13206714391708374,0.13206714391708374,0.31640625,0.6499999999999999,L32/drive_0p80T/trajectory_0087.png
32,0.8,88,88,69320274599952975,train,no_crossing,0.978895902633667,0.25713369250297546,,0.11855520308017731,0.11855520308017731,0.0263671875,0.62,L32/drive_0p80T/trajectory_0088.png
32,0.8,89,89,69320274599952976,train,no_crossing,0.8698718547821045,0.3518775701522827,,0.11964520812034607,0.11964520812034607,0.0068359375,0.56,L32/drive_0p80T/trajectory_0089.png
64,0.7,0,0,70718366957958672,test,no_crossing,0.8864520788192749,0.6024543642997742,,0.0,0.09439878165721893,0.0,0.5099999999999999,L64/drive_0p70T/trajectory_0000.png
64,0.7,1,1,70718366957958673,train,no_crossing,0.857965886592865,0.41325825452804565,,0.14321322739124298,0.14321322739124298,0.005126953125,0.56,L64/drive_0p70T/trajectory_0001.png
64,0.7,2,2,70718366957958674,train,no_crossing,0.8762722015380859,0.5476067066192627,,0.0,0.10007138550281525,0.0,0.52,L64/drive_0p70T/trajectory_0002.png
64,0.7,3,3,70718366957958675,train,no_crossing,0.8464621901512146,0.5465654730796814,,0.0,0.1047155037522316,0.0,0.5299999999999999,L64/drive_0p70T/trajectory_0003.png
64,0.7,4,4,70718366957958676,train,no_crossing,0.84837806224823,0.5114465951919556,,0.0,0.11774785816669464,0.0,0.5299999999999999,L64/drive_0p70T/trajectory_0004.png
64,0.7,5,5,70718366957958677,validation,no_crossing,0.8480974435806274,0.4983489513397217,,0.12669043242931366,0.12781058251857758,0.00048828125,0.5299999999999999,L64/drive_0p70T/trajectory_0005.png
64,0.7,6,6,70718366957958678,train,no_crossing,0.8583521246910095,0.5130140781402588,,0.0,0.12092464417219162,0.0,0.5299999999999999,L64/drive_0p70T/trajectory_0006.png
64,0.7,7,7,70718366957958679,train,no_crossing,0.8522716760635376,0.4968314468860626,,0.1262090802192688,0.1292743682861328,0.0009765625,0.5299999999999999,L64/drive_0p70T/trajectory_0007.png
64,0.7,8,8,70718366957958680,train,no_crossing,0.8554674386978149,0.5230586528778076,,0.0,0.11134327203035355,0.00048828125,0.52,L64/drive_0p70T/trajectory_0008.png
64,0.7,9,9,70718366957958681,train,no_crossing,0.8353902697563171,0.5281113386154175,,0.0,0.11686902493238449,0.0,0.52,L64/drive_0p70T/trajectory_0009.png
64,0.7,10,10,70718366957958682,train,no_crossing,0.8524526357650757,0.5094965696334839,,0.0,0.10798438638448715,0.0,0.5299999999999999,L64/drive_0p70T/trajectory_0010.png
64,0.7,11,11,70718366957958683,validation,no_crossing,0.8426854610443115,0.42693907022476196,,0.11020809412002563,0.11020809412002563,0.00048828125,0.5499999999999999,L64/drive_0p70T/trajectory_0011.png
64,0.7,12,12,70718366957958684,train,no_crossing,0.8772165775299072,0.5473684072494507,,0.0,0.10150965303182602,0.0,0.52,L64/drive_0p70T/trajectory_0012.png
64,0.7,13,13,70718366957958685,train,no_crossing,0.8757476210594177,0.5744600296020508,,0.0,0.11272130906581879,0.0,0.5099999999999999,L64/drive_0p70T/trajectory_0013.png
64,0.7,14,14,70718366957958686,train,no_crossing,0.8481345176696777,0.45209887623786926,,0.11967701464891434,0.11967701464891434,0.0009765625,0.54,L64/drive_0p70T/trajectory_0014.png
64,0.7,15,15,70718366957958687,validation,no_crossing,0.8804835081100464,0.5895892381668091,,0.0,0.09693317860364914,0.0,0.52,L64/drive_0p70T/trajectory_0015.png
64,0.7,16,16,70718366957958688,train,no_crossing,0.8359614610671997,0.4962981641292572,,0.11488170176744461,0.11488170176744461,0.00048828125,0.5299999999999999,L64/drive_0p70T/trajectory_0016.png
64,0.7,17,17,70718366957958689,train,no_crossing,0.8311273455619812,0.4947096109390259,,0.12046490609645844,0.12046490609645844,0.0,0.5299999999999999,L64/drive_0p70T/trajectory_0017.png
64,0.7,18,18,70718366957958690,train,no_crossing,0.8490188121795654,0.37698858976364136,,0.12123265862464905,0.12123265862464905,0.00390625,0.5499999999999999,L64/drive_0p70T/trajectory_0018.png
64,0.7,19,19,70718366957958691,train,no_crossing,0.8346035480499268,0.44102659821510315,,0.11914069950580597,0.11914069950580597,0.00048828125,0.54,L64/drive_0p70T/trajectory_0019.png
64,0.7,20,20,70718366957958692,train,no_crossing,0.8663111925125122,0.49132776260375977,,0.11717262864112854,0.11737654358148575,0.00048828125,0.5299999999999999,L64/drive_0p70T/trajectory_0020.png
64,0.7,21,21,70718366957958693,train,no_crossing,0.8359087109565735,0.48653820157051086,,0.11012235283851624,0.12062367051839828,0.0,0.5299999999999999,L64/drive_0p70T/trajectory_0021.png
64,0.7,22,22,70718366957958694,train,no_crossing,0.8764470815658569,0.5893999338150024,,0.0,0.1100800633430481,0.0,0.52,L64/drive_0p70T/trajectory_0022.png
64,0.7,23,23,70718366957958695,train,no_crossing,0.8364768624305725,0.4353502094745636,,0.12441651523113251,0.12491987645626068,0.001953125,0.54,L64/drive_0p70T/trajectory_0023.png
64,0.7,24,24,70718366957958696,train,no_crossing,0.877885103225708,0.592259407043457,,0.0,0.10199283063411713,0.0,0.5099999999999999,L64/drive_0p70T/trajectory_0024.png
64,0.7,25,25,70718366957958697,train,no_crossing,0.8562006950378418,0.4983091652393341,,0.10562353581190109,0.10645925253629684,0.0,0.5299999999999999,L64/drive_0p70T/trajectory_0025.png
64,0.7,26,26,70718366957958698,test,no_crossing,0.8614610433578491,0.5276854038238525,,0.0,0.10296238213777542,0.0,0.5299999999999999,L64/drive_0p70T/trajectory_0026.png
64,0.7,27,27,70718366957958699,test,no_crossing,0.8830897808074951,0.5463457107543945,,0.0,0.10391238331794739,0.0,0.52,L64/drive_0p70T/trajectory_0027.png
64,0.7,28,28,70718366957958700,train,no_crossing,0.86558598279953,0.534686267375946,,0.0,0.10752419382333755,0.0,0.52,L64/drive_0p70T/trajectory_0028.png
64,0.7,29,29,70718366957958701,train,no_crossing,0.8639646768569946,0.520587146282196,,0.0,0.1257336288690567,0.0,0.5299999999999999,L64/drive_0p70T/trajectory_0029.png
64,0.78,30,30,70718366958958672,train,no_crossing,0.022694705054163933,0.022694705054163933,,0.3696627616882324,0.3696627616882324,0.15966796875,1.0,L64/drive_0p78T/trajectory_0030.png
64,0.78,31,31,70718366958958673,train,spatially_nonuniform,-0.19798177480697632,-0.19798177480697632,0.68,0.3208777606487274,0.3208777606487274,0.2197265625,1.0,L64/drive_0p78T/trajectory_0031.png
64,0.78,32,32,70718366958958674,test,no_crossing,0.7314339876174927,0.13985136151313782,,0.23938031494617462,0.23938031494617462,0.12451171875,0.6499999999999999,L64/drive_0p78T/trajectory_0032.png
64,0.78,33,33,70718366958958675,validation,coherent_like,-0.943793773651123,-0.9765267372131348,0.57,0.2101546674966812,0.2101546674966812,0.20849609375,0.7499999999999999,L64/drive_0p78T/trajectory_0033.png
64,0.78,34,34,70718366958958676,train,no_crossing,0.4579496383666992,0.09892809391021729,,0.2414105385541916,0.2414105385541916,0.184326171875,0.68,L64/drive_0p78T/trajectory_0034.png
64,0.78,35,35,70718366958958677,train,spatially_nonuniform,-0.23642191290855408,-0.23642191290855408,0.74,0.30842480063438416,0.30842480063438416,0.20703125,1.0,L64/drive_0p78T/trajectory_0035.png
64,0.78,36,36,70718366958958678,train,coherent_like,-0.6579439640045166,-0.6579439640045166,0.66,0.23550181090831757,0.23550181090831757,0.19482421875,0.9199999999999999,L64/drive_0p78T/trajectory_0036.png
64,0.78,37,37,70718366958958679,train,coherent_like,-0.7681776285171509,-0.7681776285171509,0.64,0.18404951691627502,0.18404951691627502,0.20166015625,0.9,L64/drive_0p78T/trajectory_0037.png
64,0.78,38,38,70718366958958680,train,no_crossing,0.5790137052536011,0.11341571807861328,,0.27698445320129395,0.27698445320129395,0.163330078125,0.6699999999999999,L64/drive_0p78T/trajectory_0038.png
64,0.78,39,39,70718366958958681,train,coherent_like,-0.9774279594421387,-0.9774279594421387,0.6,0.19331273436546326,0.19331273436546326,0.21240234375,0.7899999999999999,L64/drive_0p78T/trajectory_0039.png
64,0.78,40,40,70718366958958682,train,no_crossing,0.8664981126785278,0.38434505462646484,,0.1180851012468338,0.1180851012468338,0.0029296875,0.56,L64/drive_0p78T/trajectory_0040.png
64,0.78,41,41,70718366958958683,train,coherent_like,-0.9774143695831299,-0.9774143695831299,0.6,0.16733074188232422,0.16733074188232422,0.2294921875,0.6699999999999999,L64/drive_0p78T/trajectory_0041.png
64,0.78,42,42,70718366958958684,train,no_crossing,0.9458127021789551,0.1818975955247879,,0.21097126603126526,0.21097126603126526,0.10595703125,0.6299999999999999,L64/drive_0p78T/trajectory_0042.png
64,0.78,43,43,70718366958958685,train,no_crossing,0.05122148245573044,0.01880815625190735,,0.39917802810668945,0.39917802810668945,0.14501953125,0.86,L64/drive_0p78T/trajectory_0043.png
64,0.78,44,44,70718366958958686,train,no_crossing,0.9205508232116699,0.3201737403869629,,0.17863787710666656,0.17863787710666656,0.03466796875,0.58,L64/drive_0p78T/trajectory_0044.png
64,0.78,45,45,70718366958958687,validation,coherent_like,-0.9555374979972839,-0.9762386679649353,0.58,0.1863519549369812,0.1863519549369812,0.233642578125,0.74,L64/drive_0p78T/trajectory_0045.png
64,0.78,46,46,70718366958958688,train,coherent_like,-0.9789853096008301,-0.9789853096008301,0.59,0.20043443143367767,0.20043443143367767,0.2216796875,0.7899999999999999,L64/drive_0p78T/trajectory_0046.png
64,0.78,47,47,70718366958958689,train,spatially_nonuniform,-0.3344757854938507,-0.3344757854938507,0.7,0.3239459693431854,0.3239459693431854,0.16357421875,1.0,L64/drive_0p78T/trajectory_0047.png
64,0.78,48,48,70718366958958690,train,coherent_like,-0.8860874176025391,-0.9780391454696655,0.56,0.15093418955802917,0.15093418955802917,0.235595703125,0.68,L64/drive_0p78T/trajectory_0048.png
64,0.78,49,49,70718366958958691,train,no_crossing,0.34073421359062195,0.08850813657045364,,0.3616732358932495,0.3616732358932495,0.1689453125,0.7,L64/drive_0p78T/trajectory_0049.png
64,0.78,50,50,70718366958958692,train,coherent_like,-0.9611631631851196,-0.9764010906219482,0.58,0.20600853860378265,0.20600853860378265,0.21044921875,0.7699999999999999,L64/drive_0p78T/trajectory_0050.png
64,0.78,51,51,70718366958958693,train,no_crossing,0.9675980806350708,0.1973506063222885,,0.16128480434417725,0.16128480434417725,0.07177734375,0.62,L64/drive_0p78T/trajectory_0051.png
64,0.78,52,52,70718366958958694,train,coherent_like,-0.9129200577735901,-0.9129200577735901,0.62,0.19583754241466522,0.19583754241466522,0.220947265625,0.85,L64/drive_0p78T/trajectory_0052.png
64,0.78,53,53,70718366958958695,test,no_crossing,0.4328494668006897,0.10914181172847748,,0.3446508049964905,0.3446508049964905,0.135009765625,0.6699999999999999,L64/drive_0p78T/trajectory_0053.png
64,0.78,54,54,70718366958958696,validation,coherent_like,-0.665477991104126,-0.665477991104126,0.6499999999999999,0.14492885768413544,0.14492885768413544,0.277099609375,0.86,L64/drive_0p78T/trajectory_0054.png
64,0.78,55,55,70718366958958697,train,no_crossing,0.9790170192718506,0.21782320737838745,,0.1588791012763977,0.1588791012763977,0.07421875,0.62,L64/drive_0p78T/trajectory_0055.png
64,0.78,56,56,70718366958958698,test,no_crossing,0.34905388951301575,0.06746135652065277,,0.24957555532455444,0.24957555532455444,0.17724609375,0.71,L64/drive_0p78T/trajectory_0056.png
64,0.78,57,57,70718366958958699,train,no_crossing,0.6148828864097595,0.13528966903686523,,0.257625013589859,0.257625013589859,0.147705078125,0.66,L64/drive_0p78T/trajectory_0057.png
64,0.78,58,58,70718366958958700,train,no_crossing,0.9693698883056641,0.25851956009864807,,0.18010282516479492,0.18010282516479492,0.053466796875,0.61,L64/drive_0p78T/trajectory_0058.png
64,0.78,59,59,70718366958958701,train,no_crossing,0.29613256454467773,0.06892289221286774,,0.25313717126846313,0.25313717126846313,0.187255859375,0.73,L64/drive_0p78T/trajectory_0059.png
64,0.8,60,60,70718366959958672,train,coherent_like,-0.9640402793884277,-0.9800318479537964,0.58,0.16658177971839905,0.16658177971839905,0.21142578125,0.6499999999999999,L64/drive_0p80T/trajectory_0060.png
64,0.8,61,61,70718366959958673,validation,coherent_like,-0.8612550497055054,-0.9774951338768005,0.5499999999999999,0.14710810780525208,0.14710810780525208,0.22607421875,0.7,L64/drive_0p80T/trajectory_0061.png
64,0.8,62,62,70718366959958674,train,coherent_like,-0.8918107151985168,-0.9814552068710327,0.56,0.16644325852394104,0.16644325852394104,0.264404296875,0.71,L64/drive_0p80T/trajectory_0062.png
64,0.8,63,63,70718366959958675,train,spatially_nonuniform,-0.3099419176578522,-0.3099419176578522,0.68,0.3776877820491791,0.3776877820491791,0.1796875,1.0,L64/drive_0p80T/trajectory_0063.png
64,0.8,64,64,70718366959958676,train,coherent_like,-0.9399704933166504,-0.9399704933166504,0.61,0.12951865792274475,0.12951865792274475,0.28662109375,0.8,L64/drive_0p80T/trajectory_0064.png
64,0.8,65,65,70718366959958677,train,coherent_like,-0.9211777448654175,-0.9772852659225464,0.57,0.17304392158985138,0.17304392158985138,0.230224609375,0.73,L64/drive_0p80T/trajectory_0065.png
64,0.8,66,66,70718366959958678,test,spatially_nonuniform,-0.6164418458938599,-0.6164418458938599,0.6499999999999999,0.2908758223056793,0.2908758223056793,0.197998046875,0.9400000000000001,L64/drive_0p80T/trajectory_0066.png
64,0.8,67,67,70718366959958679,train,coherent_like,-0.7915084362030029,-0.9797585010528564,0.5299999999999999,0.16403885185718536,0.16403885185718536,0.22998046875,0.6299999999999999,L64/drive_0p80T/trajectory_0067.png
64,0.8,68,68,70718366959958680,test,no_crossing,0.8193367719650269,0.15619567036628723,,0.202070951461792,0.202070951461792,0.137451171875,0.64,L64/drive_0p80T/trajectory_0068.png
64,0.8,69,69,70718366959958681,train,coherent_like,-0.9570090770721436,-0.9790154099464417,0.58,0.13998612761497498,0.13998612761497498,0.267578125,0.68,L64/drive_0p80T/trajectory_0069.png
64,0.8,70,70,70718366959958682,train,coherent_like,-0.9536313414573669,-0.9536313414573669,0.62,0.20993825793266296,0.20993825793266296,0.206787109375,0.82,L64/drive_0p80T/trajectory_0070.png
64,0.8,71,71,70718366959958683,train,no_crossing,0.5744049549102783,0.10559873282909393,,0.23809964954853058,0.23809964954853058,0.174072265625,0.68,L64/drive_0p80T/trajectory_0071.png
64,0.8,72,72,70718366959958684,train,coherent_like,-0.852563738822937,-0.9798374176025391,0.54,0.15578120946884155,0.15578120946884155,0.240234375,0.6299999999999999,L64/drive_0p80T/trajectory_0072.png
64,0.8,73,73,70718366959958685,test,spatially_nonuniform,-0.2567046284675598,-0.2567046284675598,0.68,0.2903990149497986,0.2903990149497986,0.21533203125,1.0,L64/drive_0p80T/trajectory_0073.png
64,0.8,74,74,70718366959958686,train,spatially_nonuniform,-0.7642377614974976,-0.7642377614974976,0.6299999999999999,0.31881213188171387,0.31881213188171387,0.15380859375,0.84,L64/drive_0p80T/trajectory_0074.png
64,0.8,75,75,70718366959958687,train,coherent_like,-0.9608389139175415,-0.9608389139175415,0.61,0.17259153723716736,0.17259153723716736,0.234130859375,0.82,L64/drive_0p80T/trajectory_0075.png
64,0.8,76,76,70718366959958688,train,coherent_like,-0.9346237182617188,-0.9746420383453369,0.57,0.248666450381279,0.248666450381279,0.215576171875,0.7499999999999999,L64/drive_0p80T/trajectory_0076.png
64,0.8,77,77,70718366959958689,train,coherent_like,-0.9711446762084961,-0.9711446762084961,0.6,0.1610117405653,0.1610117405653,0.25439453125,0.71,L64/drive_0p80T/trajectory_0077.png
64,0.8,78,78,70718366959958690,train,spatially_nonuniform,-0.9483678340911865,-0.9483678340911865,0.6,0.32786956429481506,0.32786956429481506,0.12890625,0.7899999999999999,L64/drive_0p80T/trajectory_0078.png
64,0.8,79,79,70718366959958691,validation,coherent_like,-0.8081339597702026,-0.9775539636611938,0.54,0.1456337720155716,0.1456337720155716,0.246337890625,0.5499999999999999,L64/drive_0p80T/trajectory_0079.png
64,0.8,80,80,70718366959958692,train,coherent_like,-0.7490464448928833,-0.7490464448928833,0.6499999999999999,0.24395576119422913,0.24395576119422913,0.194091796875,0.84,L64/drive_0p80T/trajectory_0080.png
64,0.8,81,81,70718366959958693,train,no_crossing,0.7758466005325317,0.14789369702339172,,0.1985177993774414,0.1985177993774414,0.15673828125,0.66,L64/drive_0p80T/trajectory_0081.png
64,0.8,82,82,70718366959958694,train,spatially_nonuniform,-0.24729794263839722,-0.24729794263839722,0.73,0.32990971207618713,0.32990971207618713,0.200927734375,1.0,L64/drive_0p80T/trajectory_0082.png
64,0.8,83,83,70718366959958695,train,coherent_like,-0.9754027128219604,-0.9798171520233154,0.59,0.1271706223487854,0.1271706223487854,0.2861328125,0.74,L64/drive_0p80T/trajectory_0083.png
64,0.8,84,84,70718366959958696,train,coherent_like,-0.8687831163406372,-0.9793198108673096,0.56,0.1587352156639099,0.1587352156639099,0.227294921875,0.68,L64/drive_0p80T/trajectory_0084.png
64,0.8,85,85,70718366959958697,train,coherent_like,-0.834668755531311,-0.9795761108398438,0.54,0.13430218398571014,0.13430218398571014,0.24560546875,0.57,L64/drive_0p80T/trajectory_0085.png
64,0.8,86,86,70718366959958698,train,coherent_like,-0.8038994073867798,-0.9800198674201965,0.54,0.14301978051662445,0.14301978051662445,0.23193359375,0.57,L64/drive_0p80T/trajectory_0086.png
64,0.8,87,87,70718366959958699,train,coherent_like,-0.7740129828453064,-0.980461597442627,0.5099999999999999,0.12912845611572266,0.12912845611572266,0.273193359375,0.57,L64/drive_0p80T/trajectory_0087.png
64,0.8,88,88,70718366959958700,train,spatially_nonuniform,-0.3714420199394226,-0.3714420199394226,0.69,0.28925466537475586,0.28925466537475586,0.22607421875,0.99,L64/drive_0p80T/trajectory_0088.png
64,0.8,89,89,70718366959958701,validation,spatially_nonuniform,-0.8731198906898499,-0.8731198906898499,0.62,0.25616517663002014,0.25616517663002014,0.185546875,0.84,L64/drive_0p80T/trajectory_0089.png
96,0.7,0,0,36727890032565952,test,no_crossing,0.855651319026947,0.5037676095962524,,0.0,0.12814447283744812,0.00021701388888888888,0.5299999999999999,L96/drive_0p70T/trajectory_0000.png
96,0.7,1,1,36727890032565953,test,no_crossing,0.8501640558242798,0.5073429942131042,,0.0,0.12071963399648666,0.0003255208333333333,0.5299999999999999,L96/drive_0p70T/trajectory_0001.png
96,0.7,2,2,36727890032565954,test,no_crossing,0.8356400728225708,0.4849691390991211,,0.12214350700378418,0.12268948554992676,0.000759548611111111,0.5299999999999999,L96/drive_0p70T/trajectory_0002.png
96,0.7,3,3,36727890032565955,test,no_crossing,0.8501999378204346,0.49761316180229187,,0.11671015620231628,0.11971979588270187,0.0006510416666666666,0.5299999999999999,L96/drive_0p70T/trajectory_0003.png
96,0.7,4,4,36727890032565956,test,no_crossing,0.8520200848579407,0.5092042088508606,,0.0,0.1313387006521225,0.00043402777777777775,0.5299999999999999,L96/drive_0p70T/trajectory_0004.png
96,0.7,5,5,36727890032565957,test,no_crossing,0.8583362102508545,0.5134408473968506,,0.0,0.12971317768096924,0.0013020833333333333,0.5299999999999999,L96/drive_0p70T/trajectory_0005.png
96,0.7,6,6,36727890032565958,test,no_crossing,0.8793103694915771,0.5494978427886963,,0.0,0.10383310168981552,0.0,0.52,L96/drive_0p70T/trajectory_0006.png
96,0.7,7,7,36727890032565959,test,no_crossing,0.8557204604148865,0.5362071990966797,,0.0,0.116218701004982,0.0,0.5299999999999999,L96/drive_0p70T/trajectory_0007.png
96,0.7,8,8,36727890032565960,test,no_crossing,0.8498839139938354,0.5021582841873169,,0.0,0.14418935775756836,0.0008680555555555555,0.54,L96/drive_0p70T/trajectory_0008.png
96,0.7,9,9,36727890032565961,test,no_crossing,0.8537858724594116,0.5244905352592468,,0.0,0.12584048509597778,0.0013020833333333335,0.5299999999999999,L96/drive_0p70T/trajectory_0009.png
96,0.7,10,10,36727890032565962,test,no_crossing,0.8590400218963623,0.5102517604827881,,0.0,0.13153712451457977,0.0003255208333333333,0.5299999999999999,L96/drive_0p70T/trajectory_0010.png
96,0.7,11,11,36727890032565963,test,no_crossing,0.8638296723365784,0.5319067239761353,,0.0,0.12157086282968521,0.0,0.5299999999999999,L96/drive_0p70T/trajectory_0011.png
96,0.7,12,12,36727890032565964,test,no_crossing,0.8925255537033081,0.5781806111335754,,0.0,0.10972004383802414,0.0,0.52,L96/drive_0p70T/trajectory_0012.png
96,0.7,13,13,36727890032565965,test,no_crossing,0.8650404810905457,0.5352942943572998,,0.0,0.11326149851083755,0.0,0.52,L96/drive_0p70T/trajectory_0013.png
96,0.7,14,14,36727890032565966,test,no_crossing,0.8737532496452332,0.5832194089889526,,0.0,0.10415878146886826,0.0,0.52,L96/drive_0p70T/trajectory_0014.png
96,0.7,15,15,36727890032565967,test,no_crossing,0.8560035228729248,0.5010758638381958,,0.0,0.11967393010854721,0.00021701388888888888,0.5299999999999999,L96/drive_0p70T/trajectory_0015.png
96,0.7,16,16,36727890032565968,test,no_crossing,0.861115038394928,0.5195221304893494,,0.0,0.12616756558418274,0.0010850694444444445,0.52,L96/drive_0p70T/trajectory_0016.png
96,0.7,17,17,36727890032565969,test,no_crossing,0.8622966408729553,0.5325961112976074,,0.0,0.11975457519292831,0.0,0.52,L96/drive_0p70T/trajectory_0017.png
96,0.7,18,18,36727890032565970,test,no_crossing,0.8531674146652222,0.49217039346694946,,0.1295667439699173,0.13287435472011566,0.002604166666666667,0.54,L96/drive_0p70T/trajectory_0018.png
96,0.7,19,19,36727890032565971,test,no_crossing,0.8474767208099365,0.5166367292404175,,0.0,0.11596380919218063,0.0008680555555555555,0.5299999999999999,L96/drive_0p70T/trajectory_0019.png
96,0.78,20,20,36727890033565952,test,spatially_nonuniform,-0.4516410231590271,-0.4516410231590271,0.6499999999999999,0.5438200235366821,0.5438200235366821,0.18739149305555555,1.0,L96/drive_0p78T/trajectory_0020.png
96,0.78,21,21,36727890033565953,test,no_crossing,0.021186312660574913,0.021186312660574913,,0.7591118216514587,0.7591118216514587,0.1662326388888889,1.0,L96/drive_0p78T/trajectory_0021.png
96,0.78,22,22,36727890033565954,test,coherent_like,-0.9379463195800781,-0.9464528560638428,0.58,0.24311751127243042,0.24427272379398346,0.17100694444444445,0.76,L96/drive_0p78T/trajectory_0022.png
96,0.78,23,23,36727890033565955,test,spatially_nonuniform,-0.24012382328510284,-0.24012382328510284,0.68,0.6791604161262512,0.6791604161262512,0.13563368055555558,1.0,L96/drive_0p78T/trajectory_0023.png
96,0.78,24,24,36727890033565956,test,spatially_nonuniform,-0.39612245559692383,-0.39612245559692383,0.6499999999999999,0.6184196472167969,0.6184196472167969,0.17979600694444445,1.0,L96/drive_0p78T/trajectory_0024.png
96,0.78,25,25,36727890033565957,test,no_crossing,0.3589511513710022,0.12142053246498108,,0.6421157717704773,0.6421157717704773,0.123046875,0.68,L96/drive_0p78T/trajectory_0025.png
96,0.78,26,26,36727890033565958,test,spatially_nonuniform,-0.5970653891563416,-0.5970653891563416,0.62,0.43253713846206665,0.43253713846206665,0.1664496527777778,0.95,L96/drive_0p78T/trajectory_0026.png
96,0.78,27,27,36727890033565959,test,no_crossing,0.5571303367614746,0.1504715234041214,,0.5768513679504395,0.5911503434181213,0.11078559027777778,0.6499999999999999,L96/drive_0p78T/trajectory_0027.png
96,0.78,28,28,36727890033565960,test,no_crossing,0.22878438234329224,0.08627098798751831,,0.5724787712097168,0.5724787712097168,0.1740451388888889,0.72,L96/drive_0p78T/trajectory_0028.png
96,0.78,29,29,36727890033565961,test,no_crossing,0.6463723182678223,0.18668204545974731,,0.4710407555103302,0.4829401969909668,0.11100260416666666,0.62,L96/drive_0p78T/trajectory_0029.png
96,0.78,30,30,36727890033565962,test,no_crossing,0.5083808302879333,0.13625986874103546,,0.5173612236976624,0.5222967267036438,0.1340060763888889,0.66,L96/drive_0p78T/trajectory_0030.png
96,0.78,31,31,36727890033565963,test,no_crossing,0.2496982365846634,0.059534795582294464,,0.5735489726066589,0.5735489726066589,0.17469618055555555,0.73,L96/drive_0p78T/trajectory_0031.png
96,0.78,32,32,36727890033565964,test,no_crossing,0.9184188842773438,0.3053704798221588,,0.17034906148910522,0.17034906148910522,0.0341796875,0.58,L96/drive_0p78T/trajectory_0032.png
96,0.78,33,33,36727890033565965,test,spatially_nonuniform,-0.932546079158783,-0.932546079158783,0.6,0.25628992915153503,0.2565976679325104,0.2133246527777778,0.83,L96/drive_0p78T/trajectory_0033.png
96,0.78,34,34,36727890033565966,test,spatially_nonuniform,-0.5736656785011292,-0.5736656785011292,0.62,0.5323278903961182,0.5567055344581604,0.16471354166666666,0.9400000000000001,L96/drive_0p78T/trajectory_0034.png
96,0.78,35,35,36727890033565967,test,spatially_nonuniform,-0.13911810517311096,-0.13911810517311096,0.73,0.5409159064292908,0.5409159064292908,0.2107204861111111,1.0,L96/drive_0p78T/trajectory_0035.png
96,0.78,36,36,36727890033565968,test,no_crossing,0.9469677805900574,0.25759977102279663,,0.2415214329957962,0.2505887448787689,0.06130642361111111,0.6,L96/drive_0p78T/trajectory_0036.png
96,0.78,37,37,36727890033565969,test,no_crossing,0.37000077962875366,0.11915677040815353,,0.6387017369270325,0.6387017369270325,0.1537543402777778,0.66,L96/drive_0p78T/trajectory_0037.png
96,0.78,38,38,36727890033565970,test,no_crossing,0.4077158570289612,0.12505501508712769,,0.5029287338256836,0.5029287338256836,0.1567925347222222,0.68,L96/drive_0p78T/trajectory_0038.png
96,0.78,39,39,36727890033565971,test,no_crossing,0.3795766830444336,0.11834751069545746,,0.6063247323036194,0.6063247323036194,0.1332465277777778,0.68,L96/drive_0p78T/trajectory_0039.png
96,0.8,40,40,36727890034565952,test,coherent_like,-0.8713350892066956,-0.9576070308685303,0.5499999999999999,0.2006080597639084,0.20158743858337402,0.2355685763888889,0.71,L96/drive_0p80T/trajectory_0040.png
96,0.8,41,41,36727890034565953,test,spatially_nonuniform,-0.9400456547737122,-0.9407984614372253,0.56,0.315328449010849,0.31722214818000793,0.1570095486111111,0.74,L96/drive_0p80T/trajectory_0041.png
96,0.8,42,42,36727890034565954,test,coherent_like,-0.9561989903450012,-0.9655369520187378,0.58,0.18761353194713593,0.18761353194713593,0.22233072916666666,0.7699999999999999,L96/drive_0p80T/trajectory_0042.png
96,0.8,43,43,36727890034565955,test,spatially_nonuniform,-0.22536584734916687,-0.22536584734916687,0.71,0.6189870834350586,0.6189870834350586,0.18663194444444445,1.0,L96/drive_0p80T/trajectory_0043.png
96,0.8,44,44,36727890034565956,test,spatially_nonuniform,-0.8849037885665894,-0.9229587912559509,0.54,0.28874513506889343,0.2938835620880127,0.17838541666666666,0.69,L96/drive_0p80T/trajectory_0044.png
96,0.8,45,45,36727890034565957,test,spatially_nonuniform,-0.7370746731758118,-0.7370746731758118,0.59,0.4719846844673157,0.4773505628108978,0.14246961805555555,0.84,L96/drive_0p80T/trajectory_0045.png
96,0.8,46,46,36727890034565958,test,spatially_nonuniform,-0.7036434412002563,-0.7036434412002563,0.62,0.41253751516342163,0.4206405580043793,0.16634114583333334,0.8899999999999999,L96/drive_0p80T/trajectory_0046.png
96,0.8,47,47,36727890034565959,test,spatially_nonuniform,-0.9634000062942505,-0.9634000062942505,0.58,0.2532995641231537,0.2532995641231537,0.2126736111111111,0.7699999999999999,L96/drive_0p80T/trajectory_0047.png
96,0.8,48,48,36727890034565960,test,coherent_like,-0.814993679523468,-0.9671200513839722,0.5299999999999999,0.18916620314121246,0.18916620314121246,0.20128038194444445,0.64,L96/drive_0p80T/trajectory_0048.png
96,0.8,49,49,36727890034565961,test,spatially_nonuniform,-0.9469068050384521,-0.9469068050384521,0.57,0.2847931981086731,0.2883623242378235,0.20301649305555555,0.76,L96/drive_0p80T/trajectory_0049.png
96,0.8,50,50,36727890034565962,test,spatially_nonuniform,-0.610831618309021,-0.610831618309021,0.61,0.4825146794319153,0.49607205390930176,0.17078993055555555,0.9199999999999999,L96/drive_0p80T/trajectory_0050.png
96,0.8,51,51,36727890034565963,test,no_crossing,0.4338304102420807,0.12272915244102478,,0.5634486675262451,0.5634486675262451,0.14952256944444445,0.6699999999999999,L96/drive_0p80T/trajectory_0051.png
96,0.8,52,52,36727890034565964,test,coherent_like,-0.8380963802337646,-0.9586821794509888,0.54,0.199659064412117,0.199659064412117,0.2065972222222222,0.66,L96/drive_0p80T/trajectory_0052.png
96,0.8,53,53,36727890034565965,test,coherent_like,-0.8693853616714478,-0.9719583988189697,0.5499999999999999,0.21037521958351135,0.21037521958351135,0.2211371527777778,0.7,L96/drive_0p80T/trajectory_0053.png
96,0.8,54,54,36727890034565966,test,coherent_like,-0.9201063513755798,-0.9713021516799927,0.57,0.15600934624671936,0.15600934624671936,0.2398003472222222,0.74,L96/drive_0p80T/trajectory_0054.png
96,0.8,55,55,36727890034565967,test,spatially_nonuniform,-0.9364096522331238,-0.9364096522331238,0.58,0.2994072437286377,0.3017043471336365,0.2058376736111111,0.78,L96/drive_0p80T/trajectory_0055.png
96,0.8,56,56,36727890034565968,test,coherent_like,-0.8725246787071228,-0.9477599263191223,0.54,0.2452486753463745,0.2498413771390915,0.1960720486111111,0.7,L96/drive_0p80T/trajectory_0056.png
96,0.8,57,57,36727890034565969,test,coherent_like,-0.8097171783447266,-0.9702088236808777,0.5299999999999999,0.1722833812236786,0.1722833812236786,0.2103949652777778,0.6499999999999999,L96/drive_0p80T/trajectory_0057.png
96,0.8,58,58,36727890034565970,test,spatially_nonuniform,-0.9051099419593811,-0.9372013807296753,0.5499999999999999,0.27808651328086853,0.285209059715271,0.19173177083333331,0.71,L96/drive_0p80T/trajectory_0058.png
96,0.8,59,59,36727890034565971,test,spatially_nonuniform,-0.847791314125061,-0.847791314125061,0.57,0.38830244541168213,0.3934420645236969,0.1557074652777778,0.7899999999999999,L96/drive_0p80T/trajectory_0059.png
