theta,model,initial,path,negative_endpoint,crossed_zero,committed_switch,crossing_return,unresolved_transition,first_switch_time,censored,endpoint_mz
0.11,R1,0,0,1,1,1,0,0,4560.0,0,-0.8569689536094666
0.11,R1,0,1,1,1,1,0,0,7200.0,0,-0.7397049081325531
0.11,R1,0,2,0,0,0,0,0,,1,0.8697822570800782
0.11,R1,0,3,0,1,0,1,0,,1,0.842132408618927
0.11,R1,0,4,0,0,0,0,0,,1,0.8568113207817077
0.11,R1,0,5,0,0,0,0,0,,1,0.7739947932958603
0.11,R1,0,6,0,0,0,0,0,,1,0.8963816237449646
0.11,R1,0,7,1,1,1,0,0,11840.0,0,-0.874244658946991
0.11,R1,0,8,0,0,0,0,0,,1,0.8445011746883392
0.11,R1,0,9,0,1,0,1,0,,1,0.6602006728202104
0.11,R1,0,10,1,1,1,0,0,6640.0,0,-0.7438387703895569
0.11,R1,0,11,1,1,1,0,0,1520.0,0,-0.9184172964096069
0.11,R1,0,12,0,0,0,0,0,,1,0.8438418102264404
0.11,R1,0,13,0,1,0,1,0,,1,0.9043762063980103
0.11,R1,0,14,1,1,1,0,0,13200.0,0,-0.8100125777721405
0.11,R1,0,15,0,0,0,0,0,,1,0.8353061747550964
0.11,R1,1,0,0,0,0,0,0,,1,0.8098887348175049
0.11,R1,1,1,0,0,0,0,0,,1,0.7740670108795166
0.11,R1,1,2,0,0,0,0,0,,1,0.8894614243507385
0.11,R1,1,3,1,1,1,0,0,10000.0,0,-0.8348073506355286
0.11,R1,1,4,0,0,0,0,0,,1,0.9097696304321289
0.11,R1,1,5,1,1,1,0,0,10320.0,0,-0.8581593406200408
0.11,R1,1,6,1,1,1,0,0,2240.0,0,-0.8968339061737061
0.11,R1,1,7,0,0,0,0,0,,1,0.7922080993652344
0.11,R1,1,8,0,0,0,0,0,,1,0.8472940528392792
0.11,R1,1,9,0,0,0,0,0,,1,0.7992026662826538
0.11,R1,1,10,0,0,0,0,0,,1,0.8816794180870056
0.11,R1,1,11,1,1,0,0,1,,1,-0.03511304914951324
0.11,R1,1,12,1,1,1,0,0,10720.0,0,-0.713381269145757
0.11,R1,1,13,0,0,0,0,0,,1,0.7682834047079087
0.11,R1,1,14,1,1,1,0,0,7520.0,0,-0.8040071678161621
0.11,R1,1,15,0,0,0,0,0,,1,0.848154878616333
0.11,R1,2,0,0,0,0,0,0,,1,0.6280135810375214
0.11,R1,2,1,0,0,0,0,0,,1,0.8896757066249847
0.11,R1,2,2,0,0,0,0,0,,1,0.878275408744812
0.11,R1,2,3,0,0,0,0,1,,1,0.11979641079902649
0.11,R1,2,4,1,1,1,0,0,14080.0,0,-0.8258697199821472
0.11,R1,2,5,0,0,0,0,0,,1,0.9421954584121705
0.11,R1,2,6,0,0,0,0,0,,1,0.8808496618270873
0.11,R1,2,7,0,0,0,0,0,,1,0.829697561264038
0.11,R1,2,8,0,0,0,0,0,,1,0.809763777256012
0.11,R1,2,9,1,1,1,0,0,13600.0,0,-0.8074832904338837
0.11,R1,2,10,0,0,0,0,0,,1,0.8413385534286499
0.11,R1,2,11,0,0,0,0,0,,1,0.7526918530464173
0.11,R1,2,12,0,0,0,0,0,,1,0.7659266629815101
0.11,R1,2,13,0,0,0,0,0,,1,0.8329526603221893
0.11,R1,2,14,0,0,0,0,0,,1,0.7104678308963776
0.11,R1,2,15,0,0,0,0,0,,1,0.829767529964447
0.11,R1,3,0,1,1,1,0,0,9360.0,0,-0.7990982604026794
0.11,R1,3,1,0,0,0,0,0,,1,0.7864518439769745
0.11,R1,3,2,0,0,0,0,0,,1,0.8135182344913483
0.11,R1,3,3,0,0,0,0,0,,1,0.7222018465399742
0.11,R1,3,4,0,0,0,0,0,,1,0.817457515001297
0.11,R1,3,5,0,0,0,0,0,,1,0.8543402659893036
0.11,R1,3,6,0,0,0,0,0,,1,0.8768010330200195
0.11,R1,3,7,0,0,0,0,0,,1,0.8935593223571777
0.11,R1,3,8,0,0,0,0,0,,1,0.8636663222312927
0.11,R1,3,9,0,0,0,0,0,,1,0.693290812522173
0.11,R1,3,10,1,1,0,0,1,,1,-0.010174301266670228
0.11,R1,3,11,1,1,1,1,0,12880.0,0,-0.7398439073562622
0.11,R1,3,12,1,1,1,1,0,12000.0,0,-0.8301752185821534
0.11,R1,3,13,1,1,0,0,1,,1,-0.1970599952340126
0.11,R1,3,14,0,0,0,0,0,,1,0.8672149920463562
0.11,R1,3,15,0,0,0,0,0,,1,0.8296746361255646
0.11,R2,0,0,0,0,0,0,0,,1,0.7823011493682861
0.11,R2,0,1,0,1,0,1,0,,1,0.9117740082740784
0.11,R2,0,2,1,1,1,0,0,14880.0,0,-0.8928639435768128
0.11,R2,0,3,0,0,0,0,0,,1,0.7647298967838287
0.11,R2,0,4,1,1,1,0,0,8800.0,0,-0.8270391726493835
0.11,R2,0,5,0,0,0,0,0,,1,0.6547993499040604
0.11,R2,0,6,0,0,0,0,0,,1,0.8639416417479515
0.11,R2,0,7,0,0,0,0,0,,1,0.8865650200843811
0.11,R2,0,8,1,1,1,0,0,2720.0,0,-0.8462193560600281
0.11,R2,0,9,0,0,0,0,0,,1,0.8913480949401855
0.11,R2,0,10,0,0,0,0,0,,1,0.857398579120636
0.11,R2,0,11,0,0,0,0,0,,1,0.8483241152763367
0.11,R2,0,12,0,1,0,1,0,,1,0.7428355443477631
0.11,R2,0,13,0,0,0,0,0,,1,0.8601834619045258
0.11,R2,0,14,0,1,0,1,0,,1,0.8857147479057312
0.11,R2,0,15,0,0,0,0,0,,1,0.8959567022323608
0.11,R2,1,0,0,0,0,0,0,,1,0.8168835866451264
0.11,R2,1,1,1,1,1,0,0,15920.0,0,-0.8686519503593445
0.11,R2,1,2,0,1,0,1,0,,1,0.8033598813414574
0.11,R2,1,3,0,0,0,0,0,,1,0.7693439507484436
0.11,R2,1,4,0,0,0,0,0,,1,0.868539559841156
0.11,R2,1,5,0,0,0,0,0,,1,0.8533037376403808
0.11,R2,1,6,0,0,0,0,0,,1,0.8452967321872711
0.11,R2,1,7,0,0,0,0,0,,1,0.8317440319061279
0.11,R2,1,8,0,1,0,0,1,,1,0.276682743281126
0.11,R2,1,9,0,0,0,0,0,,1,0.8480994677543641
0.11,R2,1,10,0,0,0,0,0,,1,0.8757579874992371
0.11,R2,1,11,0,0,0,0,0,,1,0.8310174369812011
0.11,R2,1,12,0,0,0,0,0,,1,0.7665160582959651
0.11,R2,1,13,1,1,1,0,0,10800.0,0,-0.9043909478187561
0.11,R2,1,14,0,0,0,0,0,,1,0.8045581984519958
0.11,R2,1,15,0,0,0,0,0,,1,0.9185266780853272
0.11,R2,2,0,1,1,0,0,1,,1,-0.08520292818546295
0.11,R2,2,1,0,0,0,0,0,,1,0.8607981848716736
0.11,R2,2,2,1,1,1,0,0,4800.0,0,-0.8908325743675232
0.11,R2,2,3,0,0,0,0,0,,1,0.848251975774765
0.11,R2,2,4,0,0,0,0,1,,1,0.4282658588886261
0.11,R2,2,5,0,0,0,0,0,,1,0.8324334371089935
0.11,R2,2,6,0,0,0,0,0,,1,0.9106796503067016
0.11,R2,2,7,1,1,1,0,0,5520.0,0,-0.7505469761788846
0.11,R2,2,8,0,0,0,0,0,,1,0.9211252737045288
0.11,R2,2,9,0,0,0,0,0,,1,0.8578758931159973
0.11,R2,2,10,1,1,1,0,0,11520.0,0,-0.9171478462219238
0.11,R2,2,11,0,0,0,0,0,,1,0.8148489093780518
0.11,R2,2,12,0,0,0,0,0,,1,0.8371034336090087
0.11,R2,2,13,0,0,0,0,0,,1,0.8260113489627838
0.11,R2,2,14,0,0,0,0,0,,1,0.7812668120861054
0.11,R2,2,15,0,0,0,0,0,,1,0.887678542137146
0.11,R2,3,0,0,0,0,0,1,,1,0.4535169541835785
0.11,R2,3,1,0,0,0,0,0,,1,0.8310985326766968
0.11,R2,3,2,0,1,0,1,0,,1,0.7772188460826874
0.11,R2,3,3,1,1,1,0,0,10080.0,0,-0.8183620119094849
0.11,R2,3,4,0,0,0,0,0,,1,0.880211284160614
0.11,R2,3,5,0,0,0,0,0,,1,0.8003241747617722
0.11,R2,3,6,1,1,1,0,1,7200.0,0,-0.46100899785757066
0.11,R2,3,7,0,0,0,0,0,,1,0.706622860878706
0.11,R2,3,8,0,0,0,0,0,,1,0.8590484070777893
0.11,R2,3,9,0,0,0,0,0,,1,0.8482220149040223
0.11,R2,3,10,0,0,0,0,0,,1,0.7843081802129745
0.11,R2,3,11,0,0,0,0,0,,1,0.7775782692432404
0.11,R2,3,12,0,0,0,0,0,,1,0.7764411336183548
0.11,R2,3,13,0,0,0,0,0,,1,0.7788960325717926
0.11,R2,3,14,1,1,1,0,0,2240.0,0,-0.8244045686721801
0.11,R2,3,15,0,0,0,0,0,,1,0.8276945719122887
0.11,RFM11,0,0,0,0,0,0,0,,1,0.7200726568698883
0.11,RFM11,0,1,0,0,0,0,1,,1,0.5875414848327637
0.11,RFM11,0,2,0,0,0,0,0,,1,0.7099041840434075
0.11,RFM11,0,3,0,1,0,1,1,,1,0.5844956511259078
0.11,RFM11,0,4,0,0,0,0,1,,1,0.5018166375160217
0.11,RFM11,0,5,0,0,0,0,0,,1,0.6707978689670563
0.11,RFM11,0,6,0,0,0,0,0,,1,0.8803104662895203
0.11,RFM11,0,7,0,0,0,0,1,,1,0.5159231640398503
0.11,RFM11,0,8,1,1,0,0,1,,1,-0.16323256015777587
0.11,RFM11,0,9,0,0,0,0,1,,1,0.5886971271038055
0.11,RFM11,0,10,0,0,0,0,0,,1,0.6139530500769615
0.11,RFM11,0,11,1,1,0,0,1,,1,-0.24926775962114334
0.11,RFM11,0,12,0,1,0,1,0,,1,0.8623278355598449
0.11,RFM11,0,13,0,0,0,0,0,,1,0.7274159061908722
0.11,RFM11,0,14,0,0,0,0,0,,1,0.648069076538086
0.11,RFM11,0,15,0,0,0,0,0,,1,0.6303276348114014
0.11,RFM11,1,0,0,0,0,0,0,,1,0.6454002630710601
0.11,RFM11,1,1,0,0,0,0,0,,1,0.7538216097652912
0.11,RFM11,1,2,0,0,0,0,1,,1,0.5283460450172425
0.11,RFM11,1,3,0,0,0,0,1,,1,0.5387770766019822
0.11,RFM11,1,4,0,0,0,0,0,,1,0.7562286996841431
0.11,RFM11,1,5,0,1,0,1,1,,1,0.22644150875508784
0.11,RFM11,1,6,0,0,0,0,0,,1,0.7532649894058704
0.11,RFM11,1,7,0,1,0,1,1,,1,0.3817978620529175
0.11,RFM11,1,8,0,0,0,0,0,,1,0.8326751661300659
0.11,RFM11,1,9,0,0,0,0,1,,1,0.544717648923397
0.11,RFM11,1,10,0,0,0,0,0,,1,0.6026294314861298
0.11,RFM11,1,11,0,0,0,0,0,,1,0.6268482303619385
0.11,RFM11,1,12,0,0,0,0,1,,1,0.3867184345424175
0.11,RFM11,1,13,0,0,0,0,0,,1,0.8761963295936585
0.11,RFM11,1,14,0,0,0,0,1,,1,0.13489897459745406
0.11,RFM11,1,15,0,1,0,1,1,,1,0.44174906611442566
0.11,RFM11,2,0,0,0,0,0,1,,1,0.4898157653212547
0.11,RFM11,2,1,0,0,0,0,1,,1,0.21614649891853333
0.11,RFM11,2,2,0,0,0,0,0,,1,0.655406394302845
0.11,RFM11,2,3,0,1,0,1,1,,1,0.5829884481430053
0.11,RFM11,2,4,0,0,0,0,1,,1,0.5853705531358719
0.11,RFM11,2,5,0,0,0,0,0,,1,0.621321776509285
0.11,RFM11,2,6,0,0,0,0,1,,1,0.5222848588228226
0.11,RFM11,2,7,0,0,0,0,1,,1,0.49268140316009523
0.11,RFM11,2,8,0,0,0,0,1,,1,0.5427518343925476
0.11,RFM11,2,9,0,0,0,0,1,,1,0.538631549179554
0.11,RFM11,2,10,0,0,0,0,1,,1,0.5255130535364151
0.11,RFM11,2,11,0,0,0,0,0,,1,0.6700629186630249
0.11,RFM11,2,12,0,0,0,0,1,,1,0.5288579344749451
0.11,RFM11,2,13,0,0,0,0,1,,1,0.07057504013180732
0.11,RFM11,2,14,0,0,0,0,1,,1,0.35387558460235596
0.11,RFM11,2,15,0,0,0,0,0,,1,0.7038377891480923
0.11,RFM11,3,0,0,0,0,0,0,,1,0.8216333615779877
0.11,RFM11,3,1,0,0,0,0,0,,1,0.7119572901725769
0.11,RFM11,3,2,1,1,0,0,1,,1,-0.02325563654303551
0.11,RFM11,3,3,0,1,0,1,1,,1,0.03482711963355541
0.11,RFM11,3,4,0,0,0,0,1,,1,0.5582855518162251
0.11,RFM11,3,5,0,0,0,0,1,,1,0.5406694519519806
0.11,RFM11,3,6,0,1,0,0,1,,1,0.20841852068901062
0.11,RFM11,3,7,0,0,0,0,1,,1,0.5709140014648437
0.11,RFM11,3,8,0,0,0,0,1,,1,0.30164635598659517
0.11,RFM11,3,9,0,0,0,0,0,,1,0.6003517927229405
0.11,RFM11,3,10,0,0,0,0,0,,1,0.8927803707122802
0.11,RFM11,3,11,0,0,0,0,1,,1,0.3598200919199735
0.11,RFM11,3,12,0,0,0,0,1,,1,0.5116111242771149
0.11,RFM11,3,13,0,0,0,0,0,,1,0.9066550564765931
0.11,RFM11,3,14,0,0,0,0,1,,1,0.5781938391923904
0.11,RFM11,3,15,0,0,0,0,1,,1,0.33436220794916155
0.11,RFM11_64,0,0,0,0,0,0,0,,1,0.7188143920898438
0.11,RFM11_64,0,1,0,0,0,0,1,,1,0.5834989678114653
0.11,RFM11_64,0,2,0,0,0,0,0,,1,0.7115798491239548
0.11,RFM11_64,0,3,0,1,0,1,1,,1,0.5766360706090927
0.11,RFM11_64,0,4,0,0,0,0,1,,1,0.4951948845386505
0.11,RFM11_64,0,5,0,0,0,0,0,,1,0.6704424154013395
0.11,RFM11_64,0,6,0,0,0,0,0,,1,0.8774795484542847
0.11,RFM11_64,0,7,0,0,0,0,1,,1,0.5143451106548309
0.11,RFM11_64,0,8,1,1,0,0,1,,1,-0.1734967988729477
0.11,RFM11_64,0,9,0,0,0,0,1,,1,0.5847865474224091
0.11,RFM11_64,0,10,0,0,0,0,1,,1,0.5950227862596512
0.11,RFM11_64,0,11,1,1,0,0,1,,1,-0.25563062220811844
0.11,RFM11_64,0,12,0,1,0,1,0,,1,0.8618544882535935
0.11,RFM11_64,0,13,0,0,0,0,0,,1,0.7250627607107163
0.11,RFM11_64,0,14,0,0,0,0,0,,1,0.6441579186916351
0.11,RFM11_64,0,15,0,0,0,0,0,,1,0.6262657856941223
0.11,RFM11_64,1,0,0,0,0,0,0,,1,0.6424719434976578
0.11,RFM11_64,1,1,0,0,0,0,0,,1,0.7488977846503257
0.11,RFM11_64,1,2,0,0,0,0,1,,1,0.5250013041496276
0.11,RFM11_64,1,3,0,0,0,0,1,,1,0.5314736574888229
0.11,RFM11_64,1,4,0,0,0,0,0,,1,0.7540903389453888
0.11,RFM11_64,1,5,0,1,0,1,1,,1,0.22137519627809524
0.11,RFM11_64,1,6,0,0,0,0,0,,1,0.7515950262546539
0.11,RFM11_64,1,7,0,1,0,1,1,,1,0.37500807404518127
0.11,RFM11_64,1,8,0,0,0,0,0,,1,0.8307503437995911
0.11,RFM11_64,1,9,0,0,0,0,1,,1,0.5419758635759354
0.11,RFM11_64,1,10,0,0,0,0,1,,1,0.5987820422649384
0.11,RFM11_64,1,11,0,0,0,0,0,,1,0.6230476415157318
0.11,RFM11_64,1,12,0,0,0,0,1,,1,0.37791836977005006
0.11,RFM11_64,1,13,0,1,0,1,0,,1,0.8738905906677246
0.11,RFM11_64,1,14,0,0,0,0,1,,1,0.12139056205749511
0.11,RFM11_64,1,15,0,1,0,1,1,,1,0.43587010383605956
0.11,RFM11_64,2,0,0,0,0,0,1,,1,0.47659622356295583
0.11,RFM11_64,2,1,0,0,0,0,1,,1,0.20961815476417542
0.11,RFM11_64,2,2,0,0,0,0,0,,1,0.6520795387029648
0.11,RFM11_64,2,3,0,1,0,1,1,,1,0.581110377162695
0.11,RFM11_64,2,4,0,0,0,0,1,,1,0.5797011524438858
0.11,RFM11_64,2,5,0,0,0,0,0,,1,0.6193570256233215
0.11,RFM11_64,2,6,0,0,0,0,1,,1,0.5175864058732986
0.11,RFM11_64,2,7,0,0,0,0,1,,1,0.48827416777610777
0.11,RFM11_64,2,8,0,0,0,0,1,,1,0.5388673633337021
0.11,RFM11_64,2,9,0,0,0,0,1,,1,0.5326554137468338
0.11,RFM11_64,2,10,0,0,0,0,1,,1,0.5207921469211578
0.11,RFM11_64,2,11,0,0,0,0,0,,1,0.6708960193395614
0.11,RFM11_64,2,12,0,0,0,0,1,,1,0.524063783288002
0.11,RFM11_64,2,13,0,0,0,0,1,,1,0.06447744995355606
0.11,RFM11_64,2,14,0,0,0,0,1,,1,0.3456720280647278
0.11,RFM11_64,2,15,0,0,0,0,0,,1,0.7019530254602432
0.11,RFM11_64,3,0,0,0,0,0,0,,1,0.8208627399802207
0.11,RFM11_64,3,1,0,0,0,0,0,,1,0.7085601651668548
0.11,RFM11_64,3,2,1,1,0,0,1,,1,-0.03286215215921402
0.11,RFM11_64,3,3,0,1,0,1,1,,1,0.027039404325187207
0.11,RFM11_64,3,4,0,0,0,0,1,,1,0.5558812119066715
0.11,RFM11_64,3,5,0,0,0,0,1,,1,0.5373434150218963
0.11,RFM11_64,3,6,0,1,0,0,1,,1,0.20064244151115418
0.11,RFM11_64,3,7,0,0,0,0,1,,1,0.5626476687192917
0.11,RFM11_64,3,8,0,0,0,0,1,,1,0.2934393584728241
0.11,RFM11_64,3,9,0,0,0,0,1,,1,0.5968976397812367
0.11,RFM11_64,3,10,0,0,0,0,0,,1,0.8905726742744445
0.11,RFM11_64,3,11,0,0,0,0,1,,1,0.3490025943517685
0.11,RFM11_64,3,12,0,0,0,0,1,,1,0.5060216826200485
0.11,RFM11_64,3,13,0,0,0,0,0,,1,0.9041518712043762
0.11,RFM11_64,3,14,0,0,0,0,1,,1,0.573954992890358
0.11,RFM11_64,3,15,0,0,0,0,1,,1,0.32457210138440135
0.11,RFM22,0,0,0,0,0,0,1,,1,0.1240145817399025
0.11,RFM22,0,1,0,1,0,0,1,,1,0.12930897891521453
0.11,RFM22,0,2,0,0,0,0,0,,1,0.6780126023292542
0.11,RFM22,0,3,1,1,0,1,1,,1,-0.005411327481269836
0.11,RFM22,0,4,0,0,0,0,1,,1,0.5740757536888123
0.11,RFM22,0,5,0,0,0,0,1,,1,0.29196806967258454
0.11,RFM22,0,6,0,1,0,1,1,,1,0.43325485348701476
0.11,RFM22,0,7,0,0,0,0,0,,1,0.6437056875228881
0.11,RFM22,0,8,0,1,0,1,1,,1,0.09961038246750832
0.11,RFM22,0,9,0,1,0,0,1,,1,0.23331778828054667
0.11,RFM22,0,10,0,1,0,1,1,,1,0.3311064139008522
0.11,RFM22,0,11,0,1,0,1,1,,1,0.4192475440353155
0.11,RFM22,0,12,0,0,0,0,1,,1,0.4956349104642868
0.11,RFM22,0,13,0,1,0,1,1,,1,0.3018962663412094
0.11,RFM22,0,14,0,1,0,1,1,,1,0.3155451488494873
0.11,RFM22,0,15,0,0,0,0,1,,1,0.42707756996154783
0.11,RFM22,1,0,0,1,0,1,0,,1,0.9145434260368347
0.11,RFM22,1,1,0,1,0,1,1,,1,0.4354009640216827
0.11,RFM22,1,2,0,0,0,0,1,,1,0.21495586052536964
0.11,RFM22,1,3,0,0,0,0,0,,1,0.7027013754844665
0.11,RFM22,1,4,0,0,0,0,0,,1,0.6326406496763229
0.11,RFM22,1,5,0,1,0,1,0,,1,0.7168796141445637
0.11,RFM22,1,6,0,0,0,0,0,,1,0.6996513557434082
0.11,RFM22,1,7,1,1,0,0,1,,1,-0.23922595202922822
0.11,RFM22,1,8,0,0,0,0,1,,1,0.4578759741783142
0.11,RFM22,1,9,0,0,0,0,1,,1,0.2848376412689686
0.11,RFM22,1,10,1,1,0,0,1,,1,-0.21688205391168594
0.11,RFM22,1,11,1,1,0,0,1,,1,-0.0984759545326233
0.11,RFM22,1,12,0,0,0,0,1,,1,0.35403560996055605
0.11,RFM22,1,13,0,1,0,1,1,,1,0.35201156735420225
0.11,RFM22,1,14,0,0,0,0,1,,1,0.3099424278736114
0.11,RFM22,1,15,0,1,0,1,1,,1,0.42114040076732634
0.11,RFM22,2,0,0,0,0,0,0,,1,0.6579273629188538
0.11,RFM22,2,1,0,1,0,1,0,,1,0.715300180464983
0.11,RFM22,2,2,0,0,0,0,1,,1,0.4828907199203968
0.11,RFM22,2,3,0,0,0,0,0,,1,0.6948120450973511
0.11,RFM22,2,4,0,1,0,1,1,,1,0.27834871962666513
0.11,RFM22,2,5,0,1,0,1,1,,1,0.271695202589035
0.11,RFM22,2,6,0,0,0,0,1,,1,0.4052347032725811
0.11,RFM22,2,7,0,1,0,1,1,,1,0.3377727787196636
0.11,RFM22,2,8,0,0,0,0,0,,1,0.6513088271021843
0.11,RFM22,2,9,0,0,0,0,1,,1,0.172503063082695
0.11,RFM22,2,10,0,1,0,0,1,,1,0.44726089626550675
0.11,RFM22,2,11,0,0,0,0,0,,1,0.8066701924800873
0.11,RFM22,2,12,0,1,0,1,1,,1,0.4506579744815826
0.11,RFM22,2,13,0,0,0,0,1,,1,0.4625746840238571
0.11,RFM22,2,14,0,1,0,1,0,,1,0.6803139254450798
0.11,RFM22,2,15,0,0,0,0,1,,1,0.5042437905073166
0.11,RFM22,3,0,0,0,0,0,1,,1,0.4438369607925415
0.11,RFM22,3,1,0,1,0,1,0,,1,0.7142254638671875
0.11,RFM22,3,2,0,1,0,1,1,,1,0.5998721870779992
0.11,RFM22,3,3,0,1,0,1,1,,1,0.5885756251215934
0.11,RFM22,3,4,0,1,0,1,1,,1,0.4533770379424095
0.11,RFM22,3,5,0,1,0,1,1,,1,0.4088782626390457
0.11,RFM22,3,6,0,0,0,0,1,,1,0.5147673229873181
0.11,RFM22,3,7,0,0,0,0,1,,1,0.3513099727034569
0.11,RFM22,3,8,0,0,0,0,1,,1,0.4405771517753601
0.11,RFM22,3,9,0,0,0,0,1,,1,0.5197841683030129
0.11,RFM22,3,10,0,1,0,1,1,,1,0.451570540368557
0.11,RFM22,3,11,0,0,0,0,1,,1,0.23821409165859223
0.11,RFM22,3,12,0,0,0,0,1,,1,0.43290490806102755
0.11,RFM22,3,13,0,1,0,0,1,,1,0.11411789357662201
0.11,RFM22,3,14,0,1,0,1,1,,1,0.2677800730802119
0.11,RFM22,3,15,0,1,0,1,1,,1,0.5778606903553009
0.11,RFM22_64,0,0,0,0,0,0,1,,1,0.11504377782344818
0.11,RFM22_64,0,1,0,1,0,0,1,,1,0.11953512132167816
0.11,RFM22_64,0,2,0,0,0,0,0,,1,0.6669111305475235
0.11,RFM22_64,0,3,1,1,0,1,1,,1,-0.019536431431770324
0.11,RFM22_64,0,4,0,0,0,0,1,,1,0.5697523164749145
0.11,RFM22_64,0,5,0,0,0,0,1,,1,0.2854248143732548
0.11,RFM22_64,0,6,0,1,0,1,1,,1,0.4278415495157242
0.11,RFM22_64,0,7,0,0,0,0,0,,1,0.6410610604286194
0.11,RFM22_64,0,8,0,1,0,1,1,,1,0.08998518124222755
0.11,RFM22_64,0,9,0,1,0,0,1,,1,0.22246539041399957
0.11,RFM22_64,0,10,0,1,0,1,1,,1,0.3180890825390816
0.11,RFM22_64,0,11,0,1,0,1,1,,1,0.41298124089837074
0.11,RFM22_64,0,12,0,0,0,0,1,,1,0.48868378713726995
0.11,RFM22_64,0,13,0,1,0,1,1,,1,0.2964437758922577
0.11,RFM22_64,0,14,0,1,0,1,1,,1,0.3090215265750885
0.11,RFM22_64,0,15,0,0,0,0,1,,1,0.42222976565361026
0.11,RFM22_64,1,0,0,1,0,1,0,,1,0.913313467502594
0.11,RFM22_64,1,1,0,1,0,1,1,,1,0.4320057713985443
0.11,RFM22_64,1,2,0,0,0,0,1,,1,0.2059341761469841
0.11,RFM22_64,1,3,0,0,0,0,0,,1,0.698639275431633
0.11,RFM22_64,1,4,0,0,0,0,0,,1,0.6287519717216492
0.11,RFM22_64,1,5,0,1,0,1,0,,1,0.7136883467435837
0.11,RFM22_64,1,6,0,0,0,0,0,,1,0.6952905093133449
0.11,RFM22_64,1,7,1,1,0,0,1,,1,-0.2474726414680481
0.11,RFM22_64,1,8,0,0,0,0,1,,1,0.454010329246521
0.11,RFM22_64,1,9,0,0,0,0,1,,1,0.2764885160699487
0.11,RFM22_64,1,10,1,1,0,0,1,,1,-0.22820940360426903
0.11,RFM22_64,1,11,1,1,0,0,1,,1,-0.10684034526348114
0.11,RFM22_64,1,12,0,0,0,0,1,,1,0.3469475957751274
0.11,RFM22_64,1,13,0,1,0,1,1,,1,0.3450398188829422
0.11,RFM22_64,1,14,0,0,0,0,1,,1,0.30286883533000947
0.11,RFM22_64,1,15,0,1,0,1,1,,1,0.4143098357319832
0.11,RFM22_64,2,0,0,0,0,0,0,,1,0.6536748433113098
0.11,RFM22_64,2,1,0,1,0,1,0,,1,0.7105509959161281
0.11,RFM22_64,2,2,0,0,0,0,1,,1,0.47095962673425673
0.11,RFM22_64,2,3,0,1,0,1,0,,1,0.6865616612881422
0.11,RFM22_64,2,4,0,1,0,1,1,,1,0.2690098314732313
0.11,RFM22_64,2,5,0,1,0,1,1,,1,0.26753917813301087
0.11,RFM22_64,2,6,0,0,0,0,1,,1,0.39879127122461794
0.11,RFM22_64,2,7,0,1,0,1,1,,1,0.33026094488799573
0.11,RFM22_64,2,8,0,0,0,0,0,,1,0.6462872430682183
0.11,RFM22_64,2,9,0,0,0,0,1,,1,0.1623241800069809
0.11,RFM22_64,2,10,0,1,0,0,1,,1,0.4330371916294098
0.11,RFM22_64,2,11,0,0,0,0,0,,1,0.8030191807448864
0.11,RFM22_64,2,12,0,1,0,1,1,,1,0.44813592251623047
0.11,RFM22_64,2,13,0,0,0,0,1,,1,0.44906909465789796
0.11,RFM22_64,2,14,0,1,0,1,0,,1,0.6775158596038818
0.11,RFM22_64,2,15,0,0,0,0,1,,1,0.5016239178180695
0.11,RFM22_64,3,0,0,0,0,0,1,,1,0.43590877294540403
0.11,RFM22_64,3,1,0,1,0,1,0,,1,0.7100405728816986
0.11,RFM22_64,3,2,0,1,0,1,1,,1,0.5930303683876992
0.11,RFM22_64,3,3,0,1,0,1,1,,1,0.5811242607235908
0.11,RFM22_64,3,4,0,1,0,1,1,,1,0.44704083651304244
0.11,RFM22_64,3,5,0,1,0,1,1,,1,0.3993832939863205
0.11,RFM22_64,3,6,0,0,0,0,1,,1,0.50861870393157
0.11,RFM22_64,3,7,0,0,0,0,1,,1,0.3414173773676157
0.11,RFM22_64,3,8,0,0,0,0,1,,1,0.42703509667888284
0.11,RFM22_64,3,9,0,0,0,0,1,,1,0.5151521679759026
0.11,RFM22_64,3,10,0,1,0,1,1,,1,0.44034365750849247
0.11,RFM22_64,3,11,0,0,0,0,1,,1,0.228939670920372
0.11,RFM22_64,3,12,0,0,0,0,1,,1,0.4308666932582855
0.11,RFM22_64,3,13,0,1,0,0,1,,1,0.09761246532201767
0.11,RFM22_64,3,14,0,1,0,1,1,,1,0.25484121829271317
0.11,RFM22_64,3,15,0,1,0,1,1,,1,0.5737871766090393
0.11,RFM33,0,0,0,0,0,0,0,,1,0.6059567964076996
0.11,RFM33,0,1,0,0,0,0,1,,1,0.29293707996606827
0.11,RFM33,0,2,0,1,0,1,1,,1,0.19866885989904404
0.11,RFM33,0,3,0,1,0,1,1,,1,0.27367803037166594
0.11,RFM33,0,4,0,1,0,1,1,,1,0.22212803721427918
0.11,RFM33,0,5,0,1,0,1,1,,1,0.28919306039810183
0.11,RFM33,0,6,0,1,0,1,0,,1,0.6768648633360863
0.11,RFM33,0,7,0,1,0,1,1,,1,0.35963110089302064
0.11,RFM33,0,8,0,0,0,0,1,,1,0.3566623502969742
0.11,RFM33,0,9,0,1,0,1,0,,1,0.9102503204345703
0.11,RFM33,0,10,0,1,0,1,1,,1,0.3242209827899933
0.11,RFM33,0,11,0,1,0,1,0,,1,0.9159267234802246
0.11,RFM33,0,12,1,1,0,1,1,,1,-0.05686994105577469
0.11,RFM33,0,13,0,0,0,0,0,,1,0.776418998837471
0.11,RFM33,0,14,1,1,0,1,1,,1,-0.15136774897575378
0.11,RFM33,0,15,0,0,0,0,0,,1,0.6814567011594772
0.11,RFM33,1,0,0,0,0,0,1,,1,0.5210619151592255
0.11,RFM33,1,1,0,1,0,1,1,,1,0.37562548398971557
0.11,RFM33,1,2,0,1,0,0,1,,1,0.10786229468882085
0.11,RFM33,1,3,0,1,0,1,1,,1,0.16065385341644287
0.11,RFM33,1,4,0,1,0,0,1,,1,0.3531136153638363
0.11,RFM33,1,5,0,1,0,1,1,,1,0.5775251644849777
0.11,RFM33,1,6,0,1,0,0,1,,1,0.20402553901076317
0.11,RFM33,1,7,0,1,0,1,1,,1,0.5391537721082568
0.11,RFM33,1,8,0,1,0,0,1,,1,0.4337412166595459
0.11,RFM33,1,9,0,1,0,1,0,,1,0.6432007110118866
0.11,RFM33,1,10,0,0,0,0,1,,1,0.38474924724549053
0.11,RFM33,1,11,0,1,0,1,1,,1,0.5700405618548393
0.11,RFM33,1,12,0,0,0,0,0,,1,0.6956331217288971
0.11,RFM33,1,13,0,1,0,1,1,,1,0.38661261200904845
0.11,RFM33,1,14,0,1,0,0,1,,1,0.4531282629072666
0.11,RFM33,1,15,0,1,0,1,1,,1,0.5569989877939224
0.11,RFM33,2,0,0,0,0,0,1,,1,0.1346749085187912
0.11,RFM33,2,1,0,0,0,0,1,,1,0.342611668407917
0.11,RFM33,2,2,0,1,0,0,1,,1,0.14736355423927308
0.11,RFM33,2,3,0,1,0,1,1,,1,0.0662638559937477
0.11,RFM33,2,4,0,1,0,1,1,,1,0.35149226516485216
0.11,RFM33,2,5,0,1,0,0,1,,1,0.3456498783826828
0.11,RFM33,2,6,0,1,0,1,1,,1,0.19942207932472228
0.11,RFM33,2,7,0,1,0,1,0,,1,0.6550778257846832
0.11,RFM33,2,8,0,0,0,0,1,,1,0.12484249293804169
0.11,RFM33,2,9,0,1,0,1,0,,1,0.8030873966217041
0.11,RFM33,2,10,1,1,0,0,1,,1,-0.21897342205047607
0.11,RFM33,2,11,0,0,0,0,1,,1,0.571028283983469
0.11,RFM33,2,12,0,0,0,0,0,,1,0.6334522843360901
0.11,RFM33,2,13,0,1,0,1,0,,1,0.6059516870975494
0.11,RFM33,2,14,0,1,0,1,0,,1,0.6235522480309009
0.11,RFM33,2,15,0,1,0,0,1,,1,0.12919059336185457
0.11,RFM33,3,0,0,0,0,0,1,,1,0.4035087078809738
0.11,RFM33,3,1,0,1,0,0,1,,1,0.33988526359200477
0.11,RFM33,3,2,0,1,0,1,1,,1,0.2893531668186188
0.11,RFM33,3,3,1,1,0,0,1,,1,-0.002518563270568848
0.11,RFM33,3,4,0,0,0,0,0,,1,0.8325361131131649
0.11,RFM33,3,5,0,1,0,1,1,,1,0.4581295990943909
0.11,RFM33,3,6,0,0,0,0,0,,1,0.6221332667768001
0.11,RFM33,3,7,1,1,0,1,1,,1,-0.040243887901306154
0.11,RFM33,3,8,0,1,0,0,1,,1,0.5039651429653168
0.11,RFM33,3,9,0,1,0,1,1,,1,0.4294080996513367
0.11,RFM33,3,10,0,1,0,1,1,,1,0.06358231782913208
0.11,RFM33,3,11,0,0,0,0,1,,1,0.47149890184402465
0.11,RFM33,3,12,0,0,0,0,1,,1,0.5152012891322374
0.11,RFM33,3,13,0,0,0,0,1,,1,0.3648050306737423
0.11,RFM33,3,14,0,0,0,0,1,,1,0.3732257068157196
0.11,RFM33,3,15,0,1,0,0,1,,1,0.5341370177268981
0.11,RFM33_64,0,0,0,0,0,0,0,,1,0.6025371205806732
0.11,RFM33_64,0,1,0,0,0,0,1,,1,0.28767715245485304
0.11,RFM33_64,0,2,0,1,0,1,1,,1,0.18817900836467744
0.11,RFM33_64,0,3,0,1,0,1,1,,1,0.2677119338512421
0.11,RFM33_64,0,4,0,1,0,1,1,,1,0.21562965095043182
0.11,RFM33_64,0,5,0,1,0,1,1,,1,0.27756755709648134
0.11,RFM33_64,0,6,0,1,0,1,0,,1,0.6741462452709674
0.11,RFM33_64,0,7,0,1,0,1,1,,1,0.3475030992925167
0.11,RFM33_64,0,8,0,0,0,0,1,,1,0.3505353040993214
0.11,RFM33_64,0,9,0,1,0,1,0,,1,0.9089538216590881
0.11,RFM33_64,0,10,0,1,0,1,1,,1,0.3174647945165634
0.11,RFM33_64,0,11,0,1,0,1,0,,1,0.9156441044807434
0.11,RFM33_64,0,12,1,1,0,1,1,,1,-0.06596936896443367
0.11,RFM33_64,0,13,0,0,0,0,0,,1,0.7765529406070709
0.11,RFM33_64,0,14,1,1,0,1,1,,1,-0.15923848032951354
0.11,RFM33_64,0,15,0,0,0,0,0,,1,0.6756696718931198
0.11,RFM33_64,1,0,0,0,0,0,1,,1,0.5182073178887368
0.11,RFM33_64,1,1,0,1,0,1,1,,1,0.36311729803681375
0.11,RFM33_64,1,2,0,1,0,0,1,,1,0.09346358388662339
0.11,RFM33_64,1,3,0,1,0,1,1,,1,0.15508003413677215
0.11,RFM33_64,1,4,0,1,0,0,1,,1,0.3443993715569377
0.11,RFM33_64,1,5,0,1,0,1,1,,1,0.5714076399803162
0.11,RFM33_64,1,6,0,1,0,0,1,,1,0.19337331280112266
0.11,RFM33_64,1,7,0,1,0,1,1,,1,0.5308180678635835
0.11,RFM33_64,1,8,0,1,0,0,1,,1,0.4250372904539108
0.11,RFM33_64,1,9,0,1,0,1,0,,1,0.6374324649572373
0.11,RFM33_64,1,10,0,0,0,0,1,,1,0.37964593786746265
0.11,RFM33_64,1,11,0,1,0,1,1,,1,0.564359360486269
0.11,RFM33_64,1,12,0,0,0,0,0,,1,0.6913834547996521
0.11,RFM33_64,1,13,0,1,0,1,1,,1,0.3834062933921814
0.11,RFM33_64,1,14,0,1,0,0,1,,1,0.4425014054775238
0.11,RFM33_64,1,15,0,1,0,1,1,,1,0.54857923746109
0.11,RFM33_64,2,0,0,0,0,0,1,,1,0.12690351635217667
0.11,RFM33_64,2,1,0,0,0,0,1,,1,0.3375500786304474
0.11,RFM33_64,2,2,0,1,0,0,1,,1,0.14098768711090087
0.11,RFM33_64,2,3,0,1,0,1,1,,1,0.0576111102104187
0.11,RFM33_64,2,4,0,1,0,1,1,,1,0.3446171283721924
0.11,RFM33_64,2,5,0,1,0,0,1,,1,0.3316724440455437
0.11,RFM33_64,2,6,0,1,0,1,1,,1,0.1936299467086792
0.11,RFM33_64,2,7,0,1,0,1,0,,1,0.6519528430700302
0.11,RFM33_64,2,8,0,0,0,0,1,,1,0.11606180429458618
0.11,RFM33_64,2,9,0,1,0,1,0,,1,0.8033430123329163
0.11,RFM33_64,2,10,1,1,0,0,1,,1,-0.22707514941692353
0.11,RFM33_64,2,11,0,0,0,0,1,,1,0.5643877978995442
0.11,RFM33_64,2,12,0,0,0,0,0,,1,0.6297969210147858
0.11,RFM33_64,2,13,0,1,0,1,0,,1,0.6018578922748565
0.11,RFM33_64,2,14,0,1,0,1,0,,1,0.6214135026931763
0.11,RFM33_64,2,15,0,1,0,0,1,,1,0.12014351695775986
0.11,RFM33_64,3,0,0,0,0,0,1,,1,0.39828672766685486
0.11,RFM33_64,3,1,0,1,0,0,1,,1,0.3261766019463539
0.11,RFM33_64,3,2,0,1,0,1,1,,1,0.28337949991226197
0.11,RFM33_64,3,3,1,1,0,0,1,,1,-0.007290256023406982
0.11,RFM33_64,3,4,0,0,0,0,0,,1,0.8327931715361774
0.11,RFM33_64,3,5,0,1,0,0,1,,1,0.45533415079116824
0.11,RFM33_64,3,6,0,0,0,0,0,,1,0.6207621946930886
0.11,RFM33_64,3,7,1,1,0,1,1,,1,-0.04419058561325073
0.11,RFM33_64,3,8,0,1,0,0,1,,1,0.49880013227462766
0.11,RFM33_64,3,9,0,1,0,1,1,,1,0.42818202197551725
0.11,RFM33_64,3,10,0,1,0,1,1,,1,0.05647022008895874
0.11,RFM33_64,3,11,0,0,0,0,1,,1,0.46669516623020174
0.11,RFM33_64,3,12,0,0,0,0,1,,1,0.5078746975958347
0.11,RFM33_64,3,13,0,0,0,0,1,,1,0.3585321215540171
0.11,RFM33_64,3,14,0,0,0,0,1,,1,0.36985968858003615
0.11,RFM33_64,3,15,0,1,0,0,1,,1,0.5304889822006226
0.13,R1,0,0,0,0,0,0,0,,1,0.8537354743480683
0.13,R1,0,1,0,0,0,0,0,,1,0.728032129406929
0.13,R1,0,2,0,1,0,1,0,,1,0.6531602587178349
0.13,R1,0,3,1,1,1,1,0,14320.0,0,-0.8746605861186981
0.13,R1,0,4,1,1,0,1,0,,1,-0.7886722111701965
0.13,R1,0,5,0,0,0,0,1,,1,0.39061920285224916
0.13,R1,0,6,1,1,1,1,0,10080.0,0,-0.7832838022708892
0.13,R1,0,7,1,1,1,0,0,6640.0,0,-0.7908604598045349
0.13,R1,0,8,1,1,1,0,0,15120.0,0,-0.7548193565011024
0.13,R1,0,9,0,1,0,1,0,,1,0.8516002678871155
0.13,R1,0,10,0,1,1,1,0,4960.0,0,0.769851313829422
0.13,R1,0,11,1,1,1,0,0,2080.0,0,-0.6194370573759079
0.13,R1,0,12,1,1,1,1,1,13920.0,0,-0.5395300889015198
0.13,R1,0,13,1,1,1,0,1,4480.0,0,-0.37641479790210725
0.13,R1,0,14,1,1,1,0,1,5120.0,0,-0.40380620121955874
0.13,R1,0,15,1,1,1,1,0,2480.0,0,-0.8098142957687378
0.13,R1,1,0,0,1,0,0,1,,1,0.1836586844921112
0.13,R1,1,1,0,1,0,1,1,,1,0.19644648537039758
0.13,R1,1,2,1,1,1,0,0,2640.0,0,-0.746879077553749
0.13,R1,1,3,1,1,1,0,0,4400.0,0,-0.6370861339569092
0.13,R1,1,4,1,1,1,1,0,14400.0,0,-0.7504466241598129
0.13,R1,1,5,1,1,1,0,0,3040.0,0,-0.6115770435333252
0.13,R1,1,6,1,1,1,1,0,12960.0,0,-0.8233941900730133
0.13,R1,1,7,1,1,1,0,0,15520.0,0,-0.7946281006932259
0.13,R1,1,8,1,1,1,1,0,9440.0,0,-0.8232290482521057
0.13,R1,1,9,0,1,0,1,0,,1,0.7767271089553833
0.13,R1,1,10,0,0,0,0,0,,1,0.8895776307582856
0.13,R1,1,11,0,1,1,1,1,4480.0,0,0.36052208214998244
0.13,R1,1,12,1,1,1,0,0,6800.0,0,-0.8079401135444642
0.13,R1,1,13,0,1,0,1,0,,1,0.8546756947040558
0.13,R1,1,14,1,1,1,0,0,8320.0,0,-0.6223746740818024
0.13,R1,1,15,0,0,0,0,1,,1,0.3320059679448605
0.13,R1,2,0,0,1,0,1,1,,1,0.5315200045704842
0.13,R1,2,1,0,1,0,1,0,,1,0.8483508276939392
0.13,R1,2,2,1,1,1,0,0,11680.0,0,-0.6419552525877953
0.13,R1,2,3,0,1,1,1,0,10400.0,0,0.6538206422328949
0.13,R1,2,4,0,0,0,0,0,,1,0.8271065187454224
0.13,R1,2,5,0,0,0,0,0,,1,0.8403933012485504
0.13,R1,2,6,0,1,0,1,0,,1,0.7666280061006546
0.13,R1,2,7,1,1,1,0,0,2480.0,0,-0.8439081501960755
0.13,R1,2,8,0,0,0,0,0,,1,0.8663828992843627
0.13,R1,2,9,1,1,1,1,1,7440.0,0,-0.26778334006667137
0.13,R1,2,10,0,1,1,1,0,12800.0,0,0.7698553016781807
0.13,R1,2,11,1,1,1,1,0,14160.0,0,-0.7583299648761749
0.13,R1,2,12,0,1,1,1,0,7200.0,0,0.8213633680343628
0.13,R1,2,13,0,0,0,0,1,,1,0.5955714878439903
0.13,R1,2,14,1,1,1,1,0,14160.0,0,-0.8412115478515625
0.13,R1,2,15,1,1,1,1,0,5680.0,0,-0.8861369299888611
0.13,R1,3,0,1,1,1,1,0,15200.0,0,-0.6837770622968674
0.13,R1,3,1,0,0,0,0,0,,1,0.8540367448329925
0.13,R1,3,2,0,0,0,0,0,,1,0.6797505932301283
0.13,R1,3,3,1,1,1,0,0,13200.0,0,-0.7422562292218209
0.13,R1,3,4,1,1,1,0,0,1600.0,0,-0.6308735640347004
0.13,R1,3,5,1,1,1,0,0,6160.0,0,-0.7622850978374481
0.13,R1,3,6,1,1,0,0,0,,1,-0.6193518495559692
0.13,R1,3,7,0,1,0,1,0,,1,0.7716038966178894
0.13,R1,3,8,1,1,0,0,1,,1,-0.060317641496658324
0.13,R1,3,9,0,1,1,1,0,4000.0,0,0.7915858310461045
0.13,R1,3,10,0,1,0,1,0,,1,0.8862875604629517
0.13,R1,3,11,1,1,1,1,1,9760.0,0,-0.025525961611419914
0.13,R1,3,12,1,1,1,1,0,9040.0,0,-0.8146092128753663
0.13,R1,3,13,1,1,1,0,0,4160.0,0,-0.8073115801811218
0.13,R1,3,14,0,1,1,1,0,14720.0,0,0.7700206851959228
0.13,R1,3,15,1,1,1,0,0,15120.0,0,-0.6253852790594101
0.13,R2,0,0,1,1,1,1,0,15440.0,0,-0.7758370947837829
0.13,R2,0,1,1,1,1,0,0,12160.0,0,-0.8055783653259277
0.13,R2,0,2,1,1,1,0,1,6080.0,0,-0.027150986194610597
0.13,R2,0,3,0,1,0,1,0,,1,0.6622302724421024
0.13,R2,0,4,0,0,0,0,0,,1,0.8230007398128509
0.13,R2,0,5,1,1,1,0,0,5040.0,0,-0.8087238669395447
0.13,R2,0,6,1,1,0,1,0,,1,-0.7540247595310211
0.13,R2,0,7,0,1,0,0,1,,1,0.258853600807488
0.13,R2,0,8,1,1,1,0,0,6800.0,0,-0.6898645454645157
0.13,R2,0,9,0,1,0,1,0,,1,0.7961663746833801
0.13,R2,0,10,0,1,0,1,1,,1,0.5576861506700516
0.13,R2,0,11,0,0,0,0,0,,1,0.7868653261661529
0.13,R2,0,12,0,1,0,0,1,,1,0.10630862191319465
0.13,R2,0,13,1,1,1,1,0,8160.0,0,-0.6859075511805713
0.13,R2,0,14,0,0,0,0,0,,1,0.6346791842579842
0.13,R2,0,15,0,1,0,1,0,,1,0.6262643933296204
0.13,R2,1,0,0,0,0,0,0,,1,0.66036860704422
0.13,R2,1,1,0,1,1,1,0,13120.0,0,0.6617900335788727
0.13,R2,1,2,0,0,0,0,0,,1,0.8173732709884644
0.13,R2,1,3,1,1,1,0,0,8080.0,0,-0.7114096996188164
0.13,R2,1,4,0,0,0,0,1,,1,0.4176000070571899
0.13,R2,1,5,0,1,0,1,0,,1,0.758541215211153
0.13,R2,1,6,0,1,0,1,1,,1,0.09527398884296417
0.13,R2,1,7,1,1,1,0,0,5040.0,0,-0.6814764872193336
0.13,R2,1,8,0,1,0,1,0,,1,0.8409969413280487
0.13,R2,1,9,1,1,1,0,0,8080.0,0,-0.6003525114059448
0.13,R2,1,10,0,0,0,0,1,,1,0.5787469008564949
0.13,R2,1,11,1,1,1,0,1,7440.0,0,-0.463816296402365
0.13,R2,1,12,0,1,1,1,0,6400.0,0,0.6781592351943254
0.13,R2,1,13,1,1,1,1,1,11280.0,0,-0.3427925880253315
0.13,R2,1,14,1,1,0,1,1,,1,-0.04550550103187561
0.13,R2,1,15,0,1,1,1,0,4000.0,0,0.6584212255477905
0.13,R2,2,0,0,0,0,0,0,,1,0.7271091225743294
0.13,R2,2,1,1,1,1,0,0,9120.0,0,-0.8281981015205383
0.13,R2,2,2,0,1,0,1,0,,1,0.7774199214577675
0.13,R2,2,3,1,1,1,1,0,10640.0,0,-0.8223743259906768
0.13,R2,2,4,0,1,1,1,0,11120.0,0,0.6384187698364258
0.13,R2,2,5,0,1,1,1,0,3920.0,0,0.6756315314769745
0.13,R2,2,6,1,1,1,1,0,8480.0,0,-0.6952040304988623
0.13,R2,2,7,1,1,1,1,1,14480.0,0,-0.4204864552617073
0.13,R2,2,8,0,1,0,1,0,,1,0.8881291365623474
0.13,R2,2,9,1,1,1,1,0,5280.0,0,-0.8307091999053955
0.13,R2,2,10,0,1,0,1,0,,1,0.8123088479042053
0.13,R2,2,11,1,1,1,0,0,11520.0,0,-0.8250384140014648
0.13,R2,2,12,0,0,0,0,1,,1,0.5132145380973816
0.13,R2,2,13,0,1,0,1,0,,1,0.8811196088790894
0.13,R2,2,14,0,0,0,0,0,,1,0.6170401427149773
0.13,R2,2,15,0,0,0,0,0,,1,0.6470127372443676
0.13,R2,3,0,1,1,1,0,1,13200.0,0,-0.009308781027793884
0.13,R2,3,1,1,1,1,0,0,8480.0,0,-0.8083070707321167
0.13,R2,3,2,0,0,0,0,0,,1,0.7897824293375015
0.13,R2,3,3,1,1,1,0,0,12240.0,0,-0.8852034270763397
0.13,R2,3,4,0,0,0,0,0,,1,0.7663930261135101
0.13,R2,3,5,1,1,1,0,0,8880.0,0,-0.8550324499607086
0.13,R2,3,6,0,0,0,0,0,,1,0.8940962743759155
0.13,R2,3,7,0,0,0,0,0,,1,0.7147706377506257
0.13,R2,3,8,1,1,1,0,0,9280.0,0,-0.8432292747497558
0.13,R2,3,9,0,1,1,1,0,9440.0,0,0.730765408873558
0.13,R2,3,10,0,0,0,0,0,,1,0.8335376751422882
0.13,R2,3,11,0,1,1,1,0,3680.0,0,0.6348291283939034
0.13,R2,3,12,0,1,1,1,1,3760.0,0,0.5212733829021454
0.13,R2,3,13,1,1,0,0,1,,1,-0.05552516058087349
0.13,R2,3,14,0,1,0,1,0,,1,0.8933853030204773
0.13,R2,3,15,1,1,1,0,0,13280.0,0,-0.8188363125920296
0.13,RFM11,0,0,0,1,0,1,1,,1,0.44940896332263947
0.13,RFM11,0,1,0,1,0,1,0,,1,0.6826300963759422
0.13,RFM11,0,2,1,1,0,1,1,,1,-0.12140797972679138
0.13,RFM11,0,3,1,1,0,1,1,,1,-0.29450913682579993
0.13,RFM11,0,4,1,1,0,1,1,,1,-0.14941369980573654
0.13,RFM11,0,5,0,1,0,1,1,,1,0.2382770362496376
0.13,RFM11,0,6,0,1,0,1,1,,1,0.3965340840816498
0.13,RFM11,0,7,0,1,0,1,1,,1,0.08390743553638458
0.13,RFM11,0,8,1,1,0,1,1,,1,-0.27202860563993453
0.13,RFM11,0,9,1,1,0,1,1,,1,-0.12026255160570144
0.13,RFM11,0,10,0,1,0,1,1,,1,0.26131385177373884
0.13,RFM11,0,11,0,1,1,1,1,14400.0,0,0.2434963165782392
0.13,RFM11,0,12,1,1,0,1,1,,1,-0.33378817453980447
0.13,RFM11,0,13,1,1,0,1,1,,1,-0.45554749518632887
0.13,RFM11,0,14,0,1,0,1,1,,1,0.13555591735523195
0.13,RFM11,0,15,1,1,0,1,1,,1,-0.3908125817775726
0.13,RFM11,1,0,1,1,0,1,1,,1,-0.5458354604244232
0.13,RFM11,1,1,1,1,0,1,1,,1,-0.3767882513999939
0.13,RFM11,1,2,1,1,0,1,1,,1,-0.07790218353271484
0.13,RFM11,1,3,1,1,0,1,1,,1,-0.5529619127511978
0.13,RFM11,1,4,0,1,0,1,1,,1,0.4538212689757347
0.13,RFM11,1,5,1,1,0,1,1,,1,-0.2032688507437706
0.13,RFM11,1,6,1,1,0,1,1,,1,-0.011909447312355041
0.13,RFM11,1,7,0,1,0,1,1,,1,0.24575855493545531
0.13,RFM11,1,8,1,1,0,1,1,,1,-0.4147336709499359
0.13,RFM11,1,9,1,1,0,1,1,,1,-0.5887513408064842
0.13,RFM11,1,10,0,1,0,0,1,,1,0.20505435287952423
0.13,RFM11,1,11,0,1,0,1,1,,1,0.09522235989570618
0.13,RFM11,1,12,1,1,0,1,1,,1,-0.32059952199459074
0.13,RFM11,1,13,0,1,0,1,1,,1,0.14073433816432954
0.13,RFM11,1,14,1,1,0,1,1,,1,-0.08688206972554326
0.13,RFM11,1,15,1,1,0,1,1,,1,-0.45332207933068275
0.13,RFM11,2,0,0,1,0,1,1,,1,0.16297560870647432
0.13,RFM11,2,1,1,1,0,1,1,,1,-0.45641159370541573
0.13,RFM11,2,2,1,1,0,1,1,,1,-0.3106482508778572
0.13,RFM11,2,3,0,1,0,1,0,,1,0.6189923560619355
0.13,RFM11,2,4,1,1,0,1,1,,1,-0.10049773082137108
0.13,RFM11,2,5,1,1,0,1,1,,1,-0.0555048980563879
0.13,RFM11,2,6,1,1,0,1,1,,1,-0.4349234876781702
0.13,RFM11,2,7,1,1,0,1,1,,1,-0.18063805565238
0.13,RFM11,2,8,0,1,0,1,1,,1,0.272551883906126
0.13,RFM11,2,9,0,1,0,1,1,,1,0.14748822420835495
0.13,RFM11,2,10,1,1,0,1,1,,1,-0.2962765619158745
0.13,RFM11,2,11,0,1,0,1,1,,1,0.12001735746860503
0.13,RFM11,2,12,1,1,0,1,1,,1,-0.07315162599086761
0.13,RFM11,2,13,0,1,0,1,1,,1,0.5279634574055672
0.13,RFM11,2,14,1,1,0,1,1,,1,-0.3197885638475418
0.13,RFM11,2,15,1,1,0,1,1,,1,-0.24747236523777247
0.13,RFM11,3,0,1,1,0,1,1,,1,-0.29881634131073953
0.13,RFM11,3,1,0,1,0,1,1,,1,0.031923126876354214
0.13,RFM11,3,2,1,1,0,1,1,,1,-0.0514019026234746
0.13,RFM11,3,3,1,1,0,1,1,,1,-0.0972950953245163
0.13,RFM11,3,4,0,1,0,1,1,,1,0.0021111133694648745
0.13,RFM11,3,5,1,1,0,1,0,,1,-0.8435647130012512
0.13,RFM11,3,6,0,1,0,1,1,,1,0.23543735325336457
0.13,RFM11,3,7,0,1,0,1,0,,1,0.629095401763916
0.13,RFM11,3,8,0,1,0,1,1,,1,0.0031156215071678163
0.13,RFM11,3,9,0,1,0,1,1,,1,0.2314853823184967
0.13,RFM11,3,10,1,1,0,1,1,,1,-0.05866951420903206
0.13,RFM11,3,11,0,1,0,1,1,,1,0.3101967270672321
0.13,RFM11,3,12,0,1,0,1,1,,1,0.20657826364040374
0.13,RFM11,3,13,0,1,0,1,1,,1,0.10076935768127442
0.13,RFM11,3,14,0,1,0,1,1,,1,0.28135282576084136
0.13,RFM11,3,15,0,1,0,1,1,,1,0.1968297018110752
0.13,RFM11_64,0,0,0,1,0,1,1,,1,0.4479184240102768
0.13,RFM11_64,0,1,0,1,0,1,0,,1,0.6792548456788063
0.13,RFM11_64,0,2,1,1,0,1,1,,1,-0.12367502689361572
0.13,RFM11_64,0,3,1,1,0,1,1,,1,-0.3052629242837429
0.13,RFM11_64,0,4,1,1,0,1,1,,1,-0.15531928330659867
0.13,RFM11_64,0,5,0,1,0,1,1,,1,0.23160456508398056
0.13,RFM11_64,0,6,0,1,0,1,1,,1,0.3914290106296539
0.13,RFM11_64,0,7,0,1,0,1,1,,1,0.08123855382204055
0.13,RFM11_64,0,8,1,1,0,1,1,,1,-0.27807819470763206
0.13,RFM11_64,0,9,1,1,0,1,1,,1,-0.1331551519036293
0.13,RFM11_64,0,10,0,1,0,1,1,,1,0.2589807343482971
0.13,RFM11_64,0,11,0,1,1,1,1,14400.0,0,0.23760021902620793
0.13,RFM11_64,0,12,1,1,0,1,1,,1,-0.3423335164785385
0.13,RFM11_64,0,13,1,1,0,1,1,,1,-0.46380428403615953
0.13,RFM11_64,0,14,0,1,0,1,1,,1,0.12191987182945013
0.13,RFM11_64,0,15,1,1,0,1,1,,1,-0.40469680398702623
0.13,RFM11_64,1,0,1,1,0,1,1,,1,-0.5497922295331955
0.13,RFM11_64,1,1,1,1,0,1,1,,1,-0.38990598678588867
0.13,RFM11_64,1,2,1,1,0,1,1,,1,-0.08837366938591003
0.13,RFM11_64,1,3,1,1,0,1,1,,1,-0.5626932722330094
0.13,RFM11_64,1,4,0,1,0,1,1,,1,0.4425495144724846
0.13,RFM11_64,1,5,1,1,0,1,1,,1,-0.2085532347112894
0.13,RFM11_64,1,6,1,1,0,1,1,,1,-0.016424630284309388
0.13,RFM11_64,1,7,0,1,0,1,1,,1,0.24184508323669435
0.13,RFM11_64,1,8,1,1,0,1,1,,1,-0.42804975271224976
0.13,RFM11_64,1,9,1,1,0,1,0,,1,-0.6040625882148742
0.13,RFM11_64,1,10,0,1,0,0,1,,1,0.20154346525669098
0.13,RFM11_64,1,11,0,1,0,1,1,,1,0.0936294674128294
0.13,RFM11_64,1,12,1,1,0,1,1,,1,-0.32602579206228255
0.13,RFM11_64,1,13,0,1,0,1,1,,1,0.13288873970508575
0.13,RFM11_64,1,14,1,1,0,1,1,,1,-0.09203009519726038
0.13,RFM11_64,1,15,1,1,0,1,1,,1,-0.4601821810007095
0.13,RFM11_64,2,0,0,1,0,1,1,,1,0.15593579046428205
0.13,RFM11_64,2,1,1,1,0,1,1,,1,-0.4619861161708832
0.13,RFM11_64,2,2,1,1,0,1,1,,1,-0.3144277247786522
0.13,RFM11_64,2,3,0,1,0,1,0,,1,0.6047866690158844
0.13,RFM11_64,2,4,1,1,0,1,1,,1,-0.10420701280236244
0.13,RFM11_64,2,5,1,1,0,1,1,,1,-0.05913890346884727
0.13,RFM11_64,2,6,1,1,0,1,1,,1,-0.44547741442918776
0.13,RFM11_64,2,7,1,1,0,1,1,,1,-0.18723925203084946
0.13,RFM11_64,2,8,0,1,0,1,1,,1,0.2573333072662354
0.13,RFM11_64,2,9,0,1,0,1,1,,1,0.14604268431663514
0.13,RFM11_64,2,10,1,1,0,1,1,,1,-0.2993771041929722
0.13,RFM11_64,2,11,0,1,0,1,1,,1,0.11567569077014923
0.13,RFM11_64,2,12,1,1,0,1,1,,1,-0.08005432486534118
0.13,RFM11_64,2,13,0,1,0,1,1,,1,0.5229078334569931
0.13,RFM11_64,2,14,1,1,0,1,1,,1,-0.32443947792053224
0.13,RFM11_64,2,15,1,1,0,1,1,,1,-0.2559778879582882
0.13,RFM11_64,3,0,1,1,0,1,1,,1,-0.3040342037566006
0.13,RFM11_64,3,1,0,1,0,1,1,,1,0.024099970161914827
0.13,RFM11_64,3,2,1,1,0,1,1,,1,-0.06112347736954689
0.13,RFM11_64,3,3,1,1,0,1,1,,1,-0.10347333908081055
0.13,RFM11_64,3,4,1,1,0,1,1,,1,-0.0026006633043289184
0.13,RFM11_64,3,5,1,1,0,1,0,,1,-0.8449000072479248
0.13,RFM11_64,3,6,0,1,0,1,1,,1,0.2308803054690361
0.13,RFM11_64,3,7,0,1,0,1,0,,1,0.6264938771724701
0.13,RFM11_64,3,8,1,1,0,1,1,,1,-0.0063158243894577025
0.13,RFM11_64,3,9,0,1,0,1,1,,1,0.22923927426338195
0.13,RFM11_64,3,10,1,1,0,1,1,,1,-0.06369055420160294
0.13,RFM11_64,3,11,0,1,0,1,1,,1,0.30678012534976007
0.13,RFM11_64,3,12,0,1,0,1,1,,1,0.19841255635023117
0.13,RFM11_64,3,13,0,1,0,1,1,,1,0.09345045328140258
0.13,RFM11_64,3,14,0,1,0,1,1,,1,0.27286459803581237
0.13,RFM11_64,3,15,0,1,0,1,1,,1,0.19163182247430086
0.13,RFM22,0,0,1,1,1,1,1,14240.0,0,-0.35126573920249937
0.13,RFM22,0,1,1,1,0,1,1,,1,-0.3131572127342224
0.13,RFM22,0,2,1,1,0,1,1,,1,-0.309010916352272
0.13,RFM22,0,3,0,1,1,1,1,10320.0,0,0.23252466276288034
0.13,RFM22,0,4,0,1,1,1,1,15680.0,0,0.06112964063882828
0.13,RFM22,0,5,0,1,0,0,1,,1,0.13054497584700583
0.13,RFM22,0,6,1,1,0,1,1,,1,-0.15571597777307034
0.13,RFM22,0,7,1,1,0,1,1,,1,-0.5815242660045624
0.13,RFM22,0,8,1,1,1,0,1,15760.0,0,-0.5815018377453088
0.13,RFM22,0,9,0,1,0,1,1,,1,0.03235466778278351
0.13,RFM22,0,10,1,1,0,1,1,,1,-0.11228419169783592
0.13,RFM22,0,11,1,1,0,1,1,,1,-0.3569652601331472
0.13,RFM22,0,12,1,1,0,1,1,,1,-0.596442140340805
0.13,RFM22,0,13,1,1,0,1,1,,1,-0.10210496127605438
0.13,RFM22,0,14,1,1,0,1,1,,1,-0.11022773794829846
0.13,RFM22,0,15,1,1,1,1,1,13200.0,0,-0.2937024164199829
0.13,RFM22,1,0,0,1,0,1,1,,1,0.35198883935809133
0.13,RFM22,1,1,0,1,0,1,1,,1,0.32163045443594457
0.13,RFM22,1,2,1,1,0,1,1,,1,-0.29308496504090725
0.13,RFM22,1,3,1,1,0,1,1,,1,-0.16515383422374724
0.13,RFM22,1,4,0,1,0,1,1,,1,0.4122523498535156
0.13,RFM22,1,5,0,1,0,1,1,,1,0.4215381348133087
0.13,RFM22,1,6,1,1,1,1,0,15360.0,0,-0.6396533688902855
0.13,RFM22,1,7,1,1,0,1,1,,1,-0.0956779007613659
0.13,RFM22,1,8,1,1,1,1,1,13600.0,0,-0.029315719306468965
0.13,RFM22,1,9,0,1,0,1,1,,1,0.05104831218719483
0.13,RFM22,1,10,1,1,0,1,0,,1,-0.6083700335025788
0.13,RFM22,1,11,1,1,0,1,1,,1,-0.519523812532425
0.13,RFM22,1,12,1,1,0,1,1,,1,-0.0988752856850624
0.13,RFM22,1,13,1,1,1,1,1,14800.0,0,-0.33805756986141206
0.13,RFM22,1,14,1,1,1,1,1,15200.0,0,-0.2952882614731789
0.13,RFM22,1,15,0,1,0,1,1,,1,0.2518081334233284
0.13,RFM22,2,0,0,1,0,1,1,,1,0.009682874083518983
0.13,RFM22,2,1,1,1,0,1,1,,1,-0.3060654532909393
0.13,RFM22,2,2,1,1,1,1,1,12880.0,0,-0.04460102587938309
0.13,RFM22,2,3,1,1,0,1,1,,1,-0.2806519716978073
0.13,RFM22,2,4,1,1,0,1,1,,1,-0.5462791335582733
0.13,RFM22,2,5,1,1,0,1,1,,1,-0.09031559228897094
0.13,RFM22,2,6,1,1,0,1,1,,1,-0.21506570864468813
0.13,RFM22,2,7,1,1,1,1,1,12560.0,0,-0.45891491293907166
0.13,RFM22,2,8,0,1,0,1,1,,1,0.052634127140045166
0.13,RFM22,2,9,1,1,0,1,1,,1,-0.19355963602662085
0.13,RFM22,2,10,1,1,0,1,1,,1,-0.32301072001457215
0.13,RFM22,2,11,1,1,0,1,1,,1,-0.08647722199559212
0.13,RFM22,2,12,0,1,0,1,1,,1,0.117198246717453
0.13,RFM22,2,13,1,1,0,1,1,,1,-0.5979550457000733
0.13,RFM22,2,14,0,1,0,1,1,,1,0.028093270361423492
0.13,RFM22,2,15,0,1,0,1,1,,1,0.027463532611727716
0.13,RFM22,3,0,1,1,0,1,1,,1,-0.2261643522977829
0.13,RFM22,3,1,1,1,0,1,1,,1,-0.543632538318634
0.13,RFM22,3,2,0,1,1,1,1,11680.0,0,0.20310124337673188
0.13,RFM22,3,3,1,1,0,1,1,,1,-0.4604319592565298
0.13,RFM22,3,4,1,1,1,1,1,14720.0,0,-0.16375630855560303
0.13,RFM22,3,5,0,1,0,1,1,,1,0.2110101419687271
0.13,RFM22,3,6,1,1,0,1,1,,1,-0.2953515516966581
0.13,RFM22,3,7,0,1,1,1,1,11040.0,0,0.03509845733642578
0.13,RFM22,3,8,1,1,0,1,1,,1,-0.5366806463152171
0.13,RFM22,3,9,1,1,0,1,1,,1,-0.18675299018621444
0.13,RFM22,3,10,1,1,0,1,1,,1,-0.118992919921875
0.13,RFM22,3,11,1,1,0,1,1,,1,-0.42932179391384123
0.13,RFM22,3,12,1,1,0,1,1,,1,-0.29315849363803864
0.13,RFM22,3,13,1,1,0,1,1,,1,-0.20145302146673202
0.13,RFM22,3,14,1,1,1,1,1,15520.0,0,-0.1169793689250946
0.13,RFM22,3,15,1,1,0,1,1,,1,-0.17564802706241608
0.13,RFM22_64,0,0,1,1,1,1,1,14240.0,0,-0.36127986073493956
0.13,RFM22_64,0,1,1,1,0,1,1,,1,-0.3217021632194519
0.13,RFM22_64,0,2,1,1,0,1,1,,1,-0.3193656004965305
0.13,RFM22_64,0,3,0,1,1,1,1,10320.0,0,0.22502333521842957
0.13,RFM22_64,0,4,0,1,1,1,1,15680.0,0,0.05228561263531446
0.13,RFM22_64,0,5,0,1,0,0,1,,1,0.12408608242869378
0.13,RFM22_64,0,6,1,1,0,1,1,,1,-0.16936302598565817
0.13,RFM22_64,0,7,1,1,0,1,1,,1,-0.5894756713509559
0.13,RFM22_64,0,8,1,1,1,1,1,15760.0,0,-0.5899561631120741
0.13,RFM22_64,0,9,0,1,0,1,1,,1,0.025325009226799013
0.13,RFM22_64,0,10,1,1,0,1,1,,1,-0.12133535921573639
0.13,RFM22_64,0,11,1,1,0,1,1,,1,-0.3680935502052307
0.13,RFM22_64,0,12,1,1,0,1,0,,1,-0.6001690447330474
0.13,RFM22_64,0,13,1,1,0,1,1,,1,-0.11925410956144333
0.13,RFM22_64,0,14,1,1,0,1,1,,1,-0.11884227845817805
0.13,RFM22_64,0,15,1,1,1,1,1,13200.0,0,-0.30770019948482513
0.13,RFM22_64,1,0,0,1,0,1,1,,1,0.34727513702586293
0.13,RFM22_64,1,1,0,1,0,1,1,,1,0.31298877220600846
0.13,RFM22_64,1,2,1,1,0,1,1,,1,-0.3026629637181759
0.13,RFM22_64,1,3,1,1,0,1,1,,1,-0.17774667114019393
0.13,RFM22_64,1,4,0,1,0,1,1,,1,0.40409207485616205
0.13,RFM22_64,1,5,0,1,0,1,1,,1,0.4169071042537689
0.13,RFM22_64,1,6,1,1,1,1,0,15360.0,0,-0.6497399088740349
0.13,RFM22_64,1,7,1,1,0,1,1,,1,-0.10533064216375351
0.13,RFM22_64,1,8,1,1,1,1,1,13600.0,0,-0.0398741164803505
0.13,RFM22_64,1,9,0,1,0,1,1,,1,0.04666569948196411
0.13,RFM22_64,1,10,1,1,0,1,0,,1,-0.6183684480190277
0.13,RFM22_64,1,11,1,1,0,1,1,,1,-0.5300844541192055
0.13,RFM22_64,1,12,1,1,0,1,1,,1,-0.10984077274799348
0.13,RFM22_64,1,13,1,1,1,1,1,14800.0,0,-0.3483272778987885
0.13,RFM22_64,1,14,1,1,1,1,1,15200.0,0,-0.3015128991007805
0.13,RFM22_64,1,15,0,1,0,1,1,,1,0.2424245098233223
0.13,RFM22_64,2,0,0,1,0,1,1,,1,0.0033063530921936036
0.13,RFM22_64,2,1,1,1,0,1,1,,1,-0.3130900827795267
0.13,RFM22_64,2,2,1,1,1,1,1,12880.0,0,-0.05304204732179642
0.13,RFM22_64,2,3,1,1,0,1,1,,1,-0.29038655817508696
0.13,RFM22_64,2,4,1,1,0,1,1,,1,-0.5506128358840943
0.13,RFM22_64,2,5,1,1,1,1,1,15040.0,0,-0.09604299545288086
0.13,RFM22_64,2,6,1,1,0,1,1,,1,-0.22572154959663748
0.13,RFM22_64,2,7,1,1,1,1,1,12560.0,0,-0.47666438430547714
0.13,RFM22_64,2,8,0,1,0,1,1,,1,0.04777074217796326
0.13,RFM22_64,2,9,1,1,0,1,1,,1,-0.20594874411821365
0.13,RFM22_64,2,10,1,1,0,1,1,,1,-0.3363325023651123
0.13,RFM22_64,2,11,1,1,0,1,1,,1,-0.10266337409615517
0.13,RFM22_64,2,12,0,1,0,1,1,,1,0.10994849562644958
0.13,RFM22_64,2,13,1,1,0,1,0,,1,-0.6014416313171387
0.13,RFM22_64,2,14,0,1,0,1,1,,1,0.010088959336280822
0.13,RFM22_64,2,15,0,1,0,1,1,,1,0.01615643359720707
0.13,RFM22_64,3,0,1,1,0,1,1,,1,-0.2414511438459158
0.13,RFM22_64,3,1,1,1,0,1,1,,1,-0.5532574731111527
0.13,RFM22_64,3,2,0,1,1,1,1,11680.0,0,0.19506191790103913
0.13,RFM22_64,3,3,1,1,0,1,1,,1,-0.4687588314712048
0.13,RFM22_64,3,4,1,1,1,1,1,14720.0,0,-0.17896824449300766
0.13,RFM22_64,3,5,0,1,0,1,1,,1,0.2049928617477417
0.13,RFM22_64,3,6,1,1,0,1,1,,1,-0.30250229440629484
0.13,RFM22_64,3,7,0,1,1,1,1,11040.0,0,0.026997448801994325
0.13,RFM22_64,3,8,1,1,0,1,1,,1,-0.5455844524502754
0.13,RFM22_64,3,9,1,1,0,1,1,,1,-0.1947673261165619
0.13,RFM22_64,3,10,1,1,0,1,1,,1,-0.12258889198303223
0.13,RFM22_64,3,11,1,1,0,1,1,,1,-0.4424634554982185
0.13,RFM22_64,3,12,1,1,0,1,1,,1,-0.3007416081428528
0.13,RFM22_64,3,13,1,1,1,1,1,12880.0,0,-0.21231443911790848
0.13,RFM22_64,3,14,1,1,1,1,1,15520.0,0,-0.12711153626441957
0.13,RFM22_64,3,15,1,1,0,1,1,,1,-0.18874617241322994
0.13,RFM33,0,0,0,1,0,1,1,,1,0.019500844776630402
0.13,RFM33,0,1,1,1,0,1,1,,1,-0.154940904378891
0.13,RFM33,0,2,1,1,0,1,1,,1,-0.3917406505346298
0.13,RFM33,0,3,1,1,1,1,1,15280.0,0,-0.024625465273857117
0.13,RFM33,0,4,1,1,1,1,1,15440.0,0,-0.13459514021873475
0.13,RFM33,0,5,0,1,1,1,1,15120.0,0,0.1478872674703598
0.13,RFM33,0,6,0,1,0,1,1,,1,0.34257898449897767
0.13,RFM33,0,7,1,1,0,1,1,,1,-0.15043792262673378
0.13,RFM33,0,8,1,1,0,1,1,,1,-0.43833902567625044
0.13,RFM33,0,9,1,1,0,1,1,,1,-0.2827681912481785
0.13,RFM33,0,10,1,1,1,1,1,15760.0,0,-0.3427287510037422
0.13,RFM33,0,11,1,1,0,1,1,,1,-0.015995090901851652
0.13,RFM33,0,12,0,1,0,1,1,,1,0.021777644008398055
0.13,RFM33,0,13,0,1,0,1,1,,1,0.1471471194922924
0.13,RFM33,0,14,1,1,1,1,1,8800.0,0,-0.35287438906729224
0.13,RFM33,0,15,0,1,0,1,1,,1,0.3073337525129318
0.13,RFM33,1,0,1,1,0,1,1,,1,-0.34445799469947813
0.13,RFM33,1,1,0,1,0,1,1,,1,0.05991972267627716
0.13,RFM33,1,2,1,1,0,1,1,,1,-0.02577398717403412
0.13,RFM33,1,3,0,1,0,1,1,,1,0.32192269384860994
0.13,RFM33,1,4,1,1,1,1,1,14240.0,0,-0.34005278766155245
0.13,RFM33,1,5,1,1,0,1,1,,1,-0.38864025682210923
0.13,RFM33,1,6,0,1,0,1,1,,1,0.027239181399345398
0.13,RFM33,1,7,1,1,0,1,1,,1,-0.19621095588430762
0.13,RFM33,1,8,0,1,0,1,1,,1,0.06949078984558582
0.13,RFM33,1,9,1,1,0,1,1,,1,-0.2334744292497635
0.13,RFM33,1,10,1,1,0,1,1,,1,-0.05651972949504852
0.13,RFM33,1,11,0,1,0,1,1,,1,0.027468830272555353
0.13,RFM33,1,12,1,1,0,1,1,,1,-0.24721813440322876
0.13,RFM33,1,13,0,1,0,1,1,,1,0.06557229362428188
0.13,RFM33,1,14,1,1,1,1,1,14880.0,0,-0.11500990331172943
0.13,RFM33,1,15,1,1,0,1,1,,1,-0.39798191651701925
0.13,RFM33,2,0,1,1,0,1,1,,1,-0.47833324790000914
0.13,RFM33,2,1,1,1,0,1,1,,1,-0.3532301099598408
0.13,RFM33,2,2,1,1,0,1,1,,1,-0.027790127992630004
0.13,RFM33,2,3,1,1,0,1,1,,1,-0.10853366851806641
0.13,RFM33,2,4,0,1,1,1,1,13200.0,0,0.008661089725792407
0.13,RFM33,2,5,1,1,0,1,1,,1,-0.4266431313753128
0.13,RFM33,2,6,1,1,0,1,1,,1,-0.055161551237106324
0.13,RFM33,2,7,1,1,1,1,1,15520.0,0,-0.49808903098106383
0.13,RFM33,2,8,1,1,1,1,1,8640.0,0,-0.4907411444187164
0.13,RFM33,2,9,0,1,1,1,1,14720.0,0,0.15533711194992064
0.13,RFM33,2,10,1,1,1,1,1,12720.0,0,-0.5075017321109772
0.13,RFM33,2,11,0,1,1,1,1,14960.0,0,0.29052592784166337
0.13,RFM33,2,12,1,1,0,1,1,,1,-0.40344165831804274
0.13,RFM33,2,13,1,1,0,1,1,,1,-0.2509864927828312
0.13,RFM33,2,14,1,1,0,1,1,,1,-0.05113769754767418
0.13,RFM33,2,15,1,1,0,1,1,,1,-0.048600657284259795
0.13,RFM33,3,0,1,1,0,1,1,,1,-0.3088611701130867
0.13,RFM33,3,1,1,1,0,1,1,,1,-0.35735483318567274
0.13,RFM33,3,2,1,1,0,1,1,,1,-0.5260592673718929
0.13,RFM33,3,3,1,1,0,1,1,,1,-0.07244918793439865
0.13,RFM33,3,4,1,1,0,1,1,,1,-0.3113735842704773
0.13,RFM33,3,5,1,1,1,1,1,15760.0,0,-0.439907598644495
0.13,RFM33,3,6,1,1,0,1,1,,1,-0.268660141825676
0.13,RFM33,3,7,1,1,1,1,0,16000.0,0,-0.614773600101471
0.13,RFM33,3,8,0,1,0,1,0,,1,0.6807320499420166
0.13,RFM33,3,9,0,1,0,1,1,,1,0.20824627533555032
0.13,RFM33,3,10,1,1,0,1,1,,1,-0.12135318294167519
0.13,RFM33,3,11,1,1,0,1,1,,1,-0.29397345304489136
0.13,RFM33,3,12,1,1,0,1,1,,1,-0.338810845464468
0.13,RFM33,3,13,1,1,1,1,1,13440.0,0,-0.10132263600826263
0.13,RFM33,3,14,1,1,1,1,1,15680.0,0,-0.40274526000022887
0.13,RFM33,3,15,1,1,0,1,1,,1,-0.5424401235580444
0.13,RFM33_64,0,0,0,1,0,1,1,,1,0.01387600839138031
0.13,RFM33_64,0,1,1,1,0,1,1,,1,-0.1601498696953058
0.13,RFM33_64,0,2,1,1,0,1,1,,1,-0.40083878934383393
0.13,RFM33_64,0,3,1,1,1,1,1,15280.0,0,-0.02609663426876068
0.13,RFM33_64,0,4,1,1,1,1,1,15440.0,0,-0.1413021820783615
0.13,RFM33_64,0,5,0,1,1,1,1,15120.0,0,0.1444402289390564
0.13,RFM33_64,0,6,0,1,0,1,1,,1,0.338411260843277
0.13,RFM33_64,0,7,1,1,0,1,1,,1,-0.1621975128352642
0.13,RFM33_64,0,8,1,1,0,1,1,,1,-0.44456820130348207
0.13,RFM33_64,0,9,1,1,0,1,1,,1,-0.29096084147691725
0.13,RFM33_64,0,10,1,1,1,1,1,15760.0,0,-0.34516476824879644
0.13,RFM33_64,0,11,1,1,0,1,1,,1,-0.024283787161111833
0.13,RFM33_64,0,12,0,1,0,1,1,,1,0.01431097149848938
0.13,RFM33_64,0,13,0,1,0,1,1,,1,0.1429205609858036
0.13,RFM33_64,0,14,1,1,1,1,1,8800.0,0,-0.3785251697525382
0.13,RFM33_64,0,15,0,1,0,1,1,,1,0.3033508285880089
0.13,RFM33_64,1,0,1,1,0,1,1,,1,-0.35152101576328276
0.13,RFM33_64,1,1,0,1,0,1,1,,1,0.05040703058242798
0.13,RFM33_64,1,2,1,1,0,1,1,,1,-0.047109194695949555
0.13,RFM33_64,1,3,0,1,0,1,1,,1,0.3159563276171684
0.13,RFM33_64,1,4,1,1,1,1,1,14240.0,0,-0.35087843172252176
0.13,RFM33_64,1,5,1,1,0,1,1,,1,-0.3964759895205498
0.13,RFM33_64,1,6,0,1,0,1,1,,1,0.018455362617969512
0.13,RFM33_64,1,7,1,1,0,1,1,,1,-0.20030454181134702
0.13,RFM33_64,1,8,0,1,0,1,1,,1,0.05829215556383133
0.13,RFM33_64,1,9,1,1,0,1,1,,1,-0.24433463633060457
0.13,RFM33_64,1,10,1,1,0,1,1,,1,-0.0592926150560379
0.13,RFM33_64,1,11,0,1,0,1,1,,1,0.02324224054813385
0.13,RFM33_64,1,12,1,1,0,1,1,,1,-0.2483039927482605
0.13,RFM33_64,1,13,0,1,0,1,1,,1,0.06497855082154275
0.13,RFM33_64,1,14,1,1,1,1,1,14880.0,0,-0.12386215031147003
0.13,RFM33_64,1,15,1,1,0,1,1,,1,-0.4077677437663078
0.13,RFM33_64,2,0,1,1,0,1,1,,1,-0.4857688735425472
0.13,RFM33_64,2,1,1,1,0,1,1,,1,-0.36089977011084556
0.13,RFM33_64,2,2,1,1,0,1,1,,1,-0.02940467596054077
0.13,RFM33_64,2,3,1,1,0,1,1,,1,-0.1116942024230957
0.13,RFM33_64,2,4,1,1,1,1,1,13200.0,0,-0.0027537083998322486
0.13,RFM33_64,2,5,1,1,0,1,1,,1,-0.43204891741275786
0.13,RFM33_64,2,6,1,1,0,1,1,,1,-0.06292831033468246
0.13,RFM33_64,2,7,1,1,1,1,1,15520.0,0,-0.5115803718566895
0.13,RFM33_64,2,8,1,1,1,1,1,8640.0,0,-0.49416896820068357
0.13,RFM33_64,2,9,0,1,1,1,1,14720.0,0,0.14524094581604005
0.13,RFM33_64,2,10,1,1,1,1,1,12720.0,0,-0.5101748365163803
0.13,RFM33_64,2,11,0,1,1,1,1,14960.0,0,0.2844488941133022
0.13,RFM33_64,2,12,1,1,0,1,1,,1,-0.40851153418421743
0.13,RFM33_64,2,13,1,1,0,1,1,,1,-0.26139006689190863
0.13,RFM33_64,2,14,1,1,0,1,1,,1,-0.05974872961640358
0.13,RFM33_64,2,15,1,1,0,1,1,,1,-0.05422776803374291
0.13,RFM33_64,3,0,1,1,0,1,1,,1,-0.31396284624934195
0.13,RFM33_64,3,1,1,1,0,1,1,,1,-0.36141743570566176
0.13,RFM33_64,3,2,1,1,0,1,1,,1,-0.5304617315530777
0.13,RFM33_64,3,3,1,1,0,1,1,,1,-0.0770499113202095
0.13,RFM33_64,3,4,1,1,0,1,1,,1,-0.31343028306961057
0.13,RFM33_64,3,5,1,1,1,1,1,15760.0,0,-0.45099836841225627
0.13,RFM33_64,3,6,1,1,0,1,1,,1,-0.27597290366888044
0.13,RFM33_64,3,7,1,1,1,1,0,16000.0,0,-0.6239562511444092
0.13,RFM33_64,3,8,0,1,0,1,0,,1,0.679033899307251
0.13,RFM33_64,3,9,0,1,0,1,1,,1,0.20139347672462463
0.13,RFM33_64,3,10,1,1,0,1,1,,1,-0.12460768843069672
0.13,RFM33_64,3,11,1,1,0,1,1,,1,-0.30206200361251834
0.13,RFM33_64,3,12,1,1,0,1,1,,1,-0.3450654426217079
0.13,RFM33_64,3,13,1,1,1,1,1,13440.0,0,-0.10214996457099915
0.13,RFM33_64,3,14,1,1,1,1,1,15680.0,0,-0.4160754030942917
0.13,RFM33_64,3,15,1,1,0,1,1,,1,-0.5469251546263695
